Pitcher Name,player_id,Games Played,IP,Batters Faced,Strikeout,Walks,K%,BB%,Earned Runs,Runs Allowed,Wins,Losses,ERA,Games Started,Avg. Exit Velo.,Sweet Spot%,Barrel%,Hard Hit%,EV50,Adj. EV50,Whiff%,Swing%,GB%
"Wainwright, Adam",425794,21,101,484,55,41,11.4,8.5,83,89,5,11,7.4,21,89,40.6,11.1,38.8,78.20171099,93.99766052,13,41.3,41.1
"Greinke, Zack",425844,30,142.1,593,97,23,16.4,3.9,80,82,2,15,5.06,27,89.6,32.6,7.7,38.8,79.09991318,94.18276731,17.3,46.8,43.7
"Verlander, Justin",434378,27,162.1,669,144,45,21.5,6.7,58,63,13,8,3.22,27,90,30.5,8.2,41.3,79.99040602,94.26951297,22.5,49.6,36.2
"Jansen, Kenley",445276,51,44.2,188,52,17,27.7,9,18,21,3,6,3.63,0,89.8,29.9,6.8,35.9,80.87029931,93.55674661,29,52.1,21.4
"Chavez, Jesse",445926,36,34.2,144,39,12,27.1,8.3,6,10,1,0,1.56,1,87.1,33.3,3.3,33.3,76.76614289,92.87025674,28.3,41.3,52.2
"Kluber, Corey",446372,15,55,257,42,21,16.3,8.2,43,47,3,6,7.04,9,89,40,12.1,40.5,77.692312,94.30388069,20.9,48.9,30.5
"Hill, Rich",448179,32,146.1,660,129,58,19.5,8.8,88,98,8,14,5.41,27,89.4,37.3,10.1,39.9,78.8506176,94.13526784,19.3,45.4,39
"Morton, Charlie",450203,30,163.1,716,183,83,25.6,11.6,66,70,14,12,3.64,30,88.9,36.8,7.8,39.1,77.30793493,94.40007395,32.2,42.9,44.2
"Bard, Daniel",453268,50,49.1,232,47,49,20.3,21.1,25,30,4,2,4.56,0,87.1,30.5,10.2,31.3,75.78591906,93.29609086,21.7,40,36.7
"Scherzer, Max",453286,27,152.2,621,174,45,28,7.2,64,65,13,6,3.77,27,88.5,32.2,8.5,36.9,77.75141687,93.79083365,28.6,51,33.7
"Martin, Chris",455119,55,51.1,199,46,8,23.1,4,6,6,4,1,1.05,0,84.5,35.9,2.1,31,72.03370181,92.71256643,23.3,58.3,50.3
"Cueto, Johnny",456501,13,52.1,218,39,15,17.9,6.9,35,36,1,4,6.02,10,88.2,37.3,10.6,36.6,77.12451288,93.84006635,19.3,52.4,34.2
"Lynn, Lance",458681,32,183.2,808,191,67,23.6,8.3,117,127,13,11,5.73,32,88.7,35.2,10.4,39.3,77.06547687,94.31393619,28.7,50.1,36.3
"Carrasco, Carlos",471911,20,90,417,66,38,15.8,9.1,68,71,3,8,6.8,20,91.5,37.5,10.7,48.2,80.85317331,95.65438964,24.7,46.9,45.6
"García, Luis",472610,61,59.2,267,53,24,19.9,9,27,30,2,3,4.07,0,87.1,27.2,4.9,36.4,75.00247956,93.71457669,25.4,47.5,60.9
"Kershaw, Clayton",477132,24,131.2,523,137,40,26.2,7.6,36,39,13,5,2.46,24,89,34.7,9,39.1,77.97043795,94.20990047,28,49.6,47.8
"Hunter, Tommy",488984,14,23.2,106,20,5,18.9,4.7,18,20,0,1,6.85,0,88.6,34.2,12.7,43,76.68430825,94.4536762,18,51.5,46.8
"Miley, Wade",489119,23,120.1,490,79,38,16.1,7.8,42,44,9,4,3.14,23,87.3,30,7.6,31.3,76.41179978,93.14768366,18.8,45.1,47.4
"Yates, Kirby",489446,61,60.1,254,80,37,31.5,14.6,22,22,7,2,3.28,0,90.6,34.8,10.6,40.2,81.56319815,94.2863883,30.8,45.5,37.9
"Ottavino, Adam",493603,66,61.2,261,62,29,23.8,11.1,22,24,1,7,3.21,0,88.6,24.1,3.7,40.7,77.40998188,94.07735919,26.1,41.9,56.2
"Quintana, José",500779,13,75.2,319,60,24,18.8,7.5,30,33,3,6,3.57,13,88.1,36.8,5.1,32.5,77.6688459,93.35828734,21.6,45.5,41.9
"Gibson, Kyle",502043,33,192,807,157,55,19.5,6.8,101,101,15,9,4.73,33,89.7,33.4,7.6,44.5,78.37767336,94.78738079,25.3,45.6,49.7
"Robertson, David",502085,62,65.1,269,78,25,29,9.3,22,28,6,6,3.03,0,89.3,30.1,6.1,37.4,78.88345713,93.98846363,31.2,45,44.2
"Cobb, Alex",502171,28,151.1,646,131,37,20.3,5.7,65,69,7,7,3.87,28,89.8,33.1,7,43.4,78.16247498,94.95925757,21.7,44.9,57.8
"Anderson, Chase",502624,19,86.1,372,64,33,17.2,8.9,52,53,1,6,5.42,17,87.4,39.6,8.2,31.7,76.52185849,93.16658163,21.6,46.2,36.2
"Darvish, Yu",506433,24,136.1,573,141,42,24.6,7.3,69,71,8,10,4.56,24,88.4,33,6.8,38.2,77.26003358,93.94911879,25,46.4,42.7
"Alexander, Scott",518397,55,48.1,208,31,11,14.9,5.3,25,30,7,3,4.66,8,90.4,26.1,4.2,33.9,81.32804793,94.05981656,19.6,52.9,61.8
"Brasier, Ryan",518489,59,59.2,239,56,20,23.4,8.4,20,24,3,0,3.02,0,89.5,31.3,3.8,42.5,79.36549038,94.12021421,25.1,51.2,44.4
"Cruz, Fernando",518585,58,66,279,98,28,35.1,10,36,39,1,2,4.91,2,89.1,38.7,10,41.3,78.43675838,94.14339716,34.5,48.9,30.7
"Diekman, Jake",518617,63,56.2,243,64,38,26.3,15.6,21,29,0,2,3.34,0,84.6,29.3,5,27.1,72.78032913,92.23934861,26.2,41.1,46.4
"Kelly, Merrill",518876,30,177.2,721,187,68,25.9,9.4,65,71,12,8,3.29,30,89.6,35.1,7.8,41.8,78.63139686,94.55945668,27,49.1,45.7
"Kimbrel, Craig",518886,71,69,278,94,28,33.8,10.1,25,28,8,6,3.26,0,90.1,40.1,10.5,46.7,79.83437895,94.40482243,33,47.3,34.2
"Moore, Matt",519043,50,52.2,218,60,15,27.5,6.9,15,16,5,1,2.56,0,88.4,32.1,7.9,36.7,78.35866853,93.3477343,28.2,53.1,35
"Pressly, Ryan",519151,65,65.1,268,74,16,27.6,6,26,33,4,5,3.58,0,91.3,27.7,9,43.5,81.46872787,95.09487774,31,50.7,54.8
"Sale, Chris",519242,20,102.2,425,125,29,29.4,6.8,49,52,6,5,4.3,20,87.9,33.5,8.4,34.6,77.43973923,93.22995853,29.7,48.1,38.4
"Smith, Will",519293,60,57.1,226,55,17,24.3,7.5,28,31,2,7,4.4,0,88.2,39,7.8,38.3,77.08218724,93.73306711,28.7,50.5,30.5
"Kelly, Joe",523260,42,39.1,168,60,18,35.7,10.7,18,22,2,5,4.12,0,84.9,35.2,6.8,36.4,71.13222227,93.40207425,31.4,43.8,58
"Pérez, Martín",527048,35,141.2,608,93,49,15.3,8.1,70,74,10,4,4.45,20,89,33.1,7.6,37.2,78.33907544,93.95053239,17.2,45.3,46.1
"Teheran, Julio",527054,14,71.2,288,50,13,17.4,4.5,35,36,3,5,4.4,11,89.8,39.4,10,42.1,79.05222982,94.53356286,20.2,48.1,40.7
"Ramírez, Erasmo",541640,38,60.1,274,43,13,15.7,4.7,43,47,3,3,6.41,2,89.7,37.4,8.4,43.5,78.90707514,94.53338183,20,51.5,43.9
"Cisnero, José",542585,63,59.1,267,70,25,26.2,9.4,35,39,3,4,5.31,0,90.1,31.9,9.6,44.6,78.65491024,95.0945461,25.3,48.6,44
"Anderson, Tyler",542881,27,141,629,119,64,18.9,10.2,85,90,6,6,5.43,25,87,37.6,8.2,32.3,75.81805433,93.08464977,27.8,49.7,31
"Armstrong, Shawn",542888,39,52,207,54,11,26.1,5.3,8,12,1,0,1.38,6,87.5,33.3,3.6,33.3,76.96195362,93.05010348,26.3,53.8,39.1
"Bleier, Richard",542947,27,30.2,132,16,5,12.1,3.8,18,20,1,0,5.28,0,88.6,27.8,7.4,39.8,76.74289793,94.60789581,17.5,55.3,55.6
"Cole, Gerrit",543037,33,209,821,222,48,27,5.8,61,64,15,4,2.63,33,89.2,33.7,7.6,39.2,78.70316261,93.99608063,26,50.1,40.3
"Coulombe, Danny",543056,61,51.1,210,58,12,27.6,5.7,16,17,5,3,2.81,0,85.6,26.8,5.8,30.4,73.85558574,92.77453074,29.3,46.5,45.7
"DeSclafani, Anthony",543101,19,99.2,419,79,20,18.9,4.8,54,59,4,8,4.88,18,90.1,34.6,8.3,45.1,78.58761477,95.10531839,20,46.7,42.2
"Eovaldi, Nathan",543135,25,144,577,132,47,22.9,8.1,58,59,12,5,3.63,25,88.9,30.1,7.9,43.1,77.3149078,94.41575183,26.3,47.8,51.5
"Gray, Sonny",543243,32,184,754,183,55,24.3,7.3,57,59,8,8,2.79,32,89.1,32.9,6.9,39.2,78.43519514,94.12646475,26,47.7,48
"Hand, Brad",543272,60,53.2,236,59,22,25,9.3,33,33,5,3,5.53,0,88.8,38,7.3,37.3,78.22110986,93.87614566,22.3,44.9,39.3
"Hendricks, Kyle",543294,24,137,578,93,27,16.1,4.7,57,68,6,8,3.74,24,85.2,33.7,6.2,31.5,72.3316,93.05979777,21.1,46.7,47.4
"Jackson, Jay",543351,25,29.2,116,27,9,23.3,7.8,7,8,3,1,2.12,0,87,29.1,7.6,35.4,75.64463436,93.15100923,30.4,49,45.6
"Lyles, Jordan",543475,31,177.2,748,120,45,16,6,124,130,6,17,6.28,31,89,34.6,9.9,35.5,78.64685804,93.74966533,20.1,48.1,33.9
"May, Trevor",543507,49,46.2,205,40,29,19.5,14.1,17,21,4,4,3.28,0,88,33.1,6,36.1,76.61059846,93.86165208,23.6,44.1,32.3
"McGough, Scott",543518,63,70.1,301,86,30,28.6,10,37,40,2,7,4.73,1,91.3,30.1,10.4,48.6,80.60560637,95.73373525,31.8,47.7,49.2
"McHugh, Collin",543521,41,58.2,268,47,22,17.5,8.2,28,34,4,1,4.3,1,88.6,33.5,6.2,35.6,78.1137259,93.63082763,25.7,47,45.4
"Shaw, Bryan",543766,38,45.2,190,40,17,21.1,8.9,21,21,0,0,4.14,0,88.3,34.6,3.9,36.2,78.45696297,93.37146591,23.4,45.3,40.2
"Tonkin, Michael",543859,45,80,325,75,23,23.1,7.1,38,41,7,3,4.28,0,89.8,32,8,40,80.06559559,94.12935441,24.8,50.3,38.7
"Lorenzen, Michael",547179,29,153,624,111,47,17.8,7.5,71,76,9,9,4.18,25,90,33.9,8,40.2,80.11625707,94.29566996,21.6,49.4,41.9
"Ryu, Hyun Jin",547943,11,52,224,38,14,17,6.3,20,25,3,3,3.46,11,87.8,29.2,7.6,36.8,76.90012155,93.39992673,21.1,48.1,46.2
"Chapman, Aroldis",547973,61,58.1,249,103,36,41.4,14.5,20,24,6,5,3.09,0,86.5,34.9,9.2,33,74.31041426,93.32574991,42.2,44.9,47.7
"Raley, Brooks",548384,66,54.2,236,61,25,25.8,10.6,17,19,1,2,2.8,0,85.8,31.3,4.9,29.2,73.90063394,92.88327916,28.9,43.4,43.1
"Stripling, Ross",548389,22,89,381,70,16,18.4,4.2,53,54,0,5,5.36,11,89.5,39.6,10.2,41.3,78.68494096,94.41736034,23.5,48.2,44.4
"García, Yimi",554340,73,66,282,79,15,28,5.3,30,35,3,4,4.09,0,87,31.9,6.6,35.2,74.90047787,93.5387668,31.3,48.2,47.3
"Wheeler, Zack",554430,32,192,787,212,39,26.9,5,77,82,13,6,3.61,32,86.9,35.1,5.1,36.4,75.39358592,93.26742057,28.6,51.3,41.2
"Ureña, José",570632,10,44.2,203,29,22,14.3,10.8,32,37,0,7,6.45,10,90.2,29.8,10.6,39.7,79.7618748,94.5252938,21.8,47.1,48.3
"Cessa, Luis",570666,7,26,132,11,12,8.3,9.1,26,26,1,4,9,6,91.8,44.4,7.4,46.3,81.29199963,95.68670047,14.2,47.3,38
"Bellatti, Andrew",571479,27,24.2,113,25,12,22.1,10.6,14,15,1,0,5.11,0,90.9,36.8,6.6,32.9,82.41714158,94.33173373,33.9,48.5,31.6
"Boyd, Matthew",571510,15,71,303,73,25,24.1,8.3,43,46,5,5,5.45,15,89.3,32.5,8.4,36,79.39295871,93.78488488,30.8,49.7,38.9
"Carasiti, Matt",571539,16,24.1,110,16,11,14.5,10,17,19,1,0,6.29,0,91,34.1,6.1,36.6,81.4521695,94.697154,23.1,42.1,56.1
"Corbin, Patrick",571578,32,180,790,124,57,15.7,7.2,104,113,10,15,5.2,32,90.7,37.9,9.3,44,80.19200081,94.92741557,21.2,45.7,45.3
"Farmer, Buck",571656,71,75,309,70,29,22.7,9.4,35,36,4,5,4.2,0,87.8,28.2,8.7,35,76.60519657,93.6288735,30.1,47,33.5
"Floro, Dylan",571670,62,56.2,248,58,17,23.4,6.9,30,34,5,6,4.76,0,87.1,32.4,2.9,37.1,75.57876271,93.37742752,24,46,54.7
"Heaney, Andrew",571760,34,147.1,641,151,60,23.6,9.4,68,74,10,6,4.15,28,90.1,31.4,10.2,38.6,80.11818885,94.26314344,26.4,48.2,41.9
"Koch, Matt",571863,39,38.2,163,27,9,16.6,5.5,22,22,3,2,5.12,1,90.1,31.2,8,44.8,79.29754984,94.70953911,22.5,51.7,51.2
"Law, Derek",571882,54,55,240,45,26,18.8,10.8,22,24,4,6,3.6,3,87,38,4.8,32.5,76.35456288,92.89302625,26.9,47.8,42.2
"Loup, Aaron",571901,55,48.2,231,45,20,19.5,8.7,33,37,2,3,6.1,0,87.9,39.6,8.5,37.2,76.3207763,93.91056354,20.5,50.7,48.2
"Matz, Steven",571927,25,105,449,98,32,21.8,7.1,45,48,4,7,3.86,17,89.1,31.3,4.7,38,78.62219,93.87503089,25.3,47.8,45.9
"Mikolas, Miles",571945,35,201.1,860,137,39,15.9,4.5,107,110,9,13,4.78,35,90.4,38.9,9.8,43,80.24284554,94.59317701,16.7,49.7,39
"Miller, Shelby",571946,36,42,163,42,19,25.8,11.7,8,8,3,0,1.71,1,89.5,30,7,37,79.278076,94.42699576,26,43,39
"Milner, Hoby",571948,73,64.1,252,59,13,23.4,5.2,13,16,2,1,1.82,0,86.6,33.1,6.2,35.4,75.54170568,92.87961326,20.6,42.5,50
"Paxton, James",572020,19,96,411,101,33,24.6,8,48,51,7,5,4.5,19,89.3,33.3,9.2,39.9,78.61629757,94.16741445,27.5,50,42.9
"VerHagen, Drew",572403,60,61,268,60,26,22.4,9.7,27,30,5,1,3.98,0,88.1,30.1,8.1,36.4,77.23417593,93.51544564,30.6,46.4,41
"Johnson, Pierce",572955,67,62.2,277,90,30,32.5,10.8,28,34,2,6,4.02,0,90.7,43.9,6.4,47.1,81.23581923,94.52932455,33.1,46.8,37.6
"Keuchel, Dallas",572971,10,37.2,172,25,18,14.5,10.5,25,25,2,1,5.97,6,86,31.5,7.1,34.6,73.49320906,93.34413622,20.4,42.6,53.5
"Mantiply, Joe",573009,35,39,157,28,9,17.8,5.7,20,22,2,2,4.62,3,87.7,28.3,9.2,35.8,76.51284483,93.59129151,23.2,49.7,54.2
"Rogers, Taylor",573124,60,51.2,216,64,25,29.6,11.6,22,27,6,4,3.83,0,89.7,25.8,9.7,45.2,78.206038,94.86508375,26.7,41.7,43.5
"Stroman, Marcus",573186,27,136.2,575,119,52,20.7,9,60,68,10,9,3.95,25,90.3,30.7,5,41.4,79.8502842,94.62567143,22.3,45.1,57.4
"Thielbar, Caleb",573204,36,30.2,120,36,6,30,5,11,12,3,1,3.23,0,88.6,37.2,11.5,35.9,77.96140667,93.74346195,23.7,50.1,37.2
"Kikuchi, Yusei",579328,32,167.2,700,181,48,25.9,6.9,72,78,11,6,3.86,32,90.5,37.7,9,42.4,80.86269766,94.43232426,28,48.7,40
"Adam, Jason",592094,56,54.1,222,69,20,31.1,9,18,21,4,2,2.98,0,87.2,30.6,12.1,39.5,74.79804323,93.94912163,34.4,45.9,41.9
"Covey, Dylan",592229,29,43,191,30,17,15.7,8.9,18,22,1,3,3.77,1,87.8,31,4.2,37.3,75.67209015,93.9814465,15.9,46.9,53.5
"Gausman, Kevin",592332,31,185,763,237,55,31.1,7.2,65,72,12,9,3.16,31,89.4,36.9,9.9,43.3,77.89758606,94.80319831,28.9,49.3,42.9
"Gray, Jon",592351,29,157.1,656,142,54,21.6,8.2,72,75,9,8,4.12,29,89.4,35.5,6.4,39.5,78.99116559,94.12679149,26.3,50.8,40.8
"Jackson, Luke",592426,33,33.1,143,43,15,30.1,10.5,11,14,2,2,2.97,0,88.8,29.8,8.3,40.5,77.79823667,94.04469738,30.4,49,51.2
"Kahnle, Tommy",592454,42,40.2,165,48,19,29.1,11.5,12,14,1,3,2.66,0,86.8,29.9,4.1,22.7,76.31142688,92.70100531,35.2,45.3,49.5
"Shreve, Chasen",592741,50,44.2,193,45,14,23.3,7.3,23,25,1,2,4.63,0,88.3,30.8,9,38.2,77.28951769,93.68301208,28.5,47.9,44.4
"Smyly, Drew",592767,41,142.1,626,141,56,22.5,8.9,79,89,11,11,5,23,87.6,35.9,7.3,33.6,76.25811928,93.49370858,27.1,46.6,35.9
"Stanek, Ryne",592773,55,50.2,213,51,21,23.9,9.9,23,24,3,1,4.09,0,90.1,32.9,7.1,44.3,80.46003671,94.16807543,30.7,52.4,30.7
"Stewart, Brock",592779,28,27.2,109,39,11,35.8,10.1,2,2,2,0,0.65,0,88.3,34.5,3.4,31,78.54830107,93.07570518,41.5,51,37.9
"Syndergaard, Noah",592789,18,88.2,391,56,19,14.3,4.9,64,65,2,6,6.5,18,88.7,38.9,11.1,42.2,76.83103243,94.36971013,17.9,49.1,38.2
"Taillon, Jameson",592791,30,154.1,655,140,41,21.4,6.3,83,96,8,10,4.84,29,88.3,36.2,10.7,38.4,76.8280185,94.06418605,22,49.1,38.4
"Velasquez, Vince",592826,8,37.1,162,37,14,22.8,8.6,16,16,4,4,3.86,8,88.3,37.3,6.4,39.1,76.94537018,94.1738833,27.2,46.9,31.8
"Walker, Taijuan",592836,31,172.2,733,138,71,18.8,9.7,84,87,15,6,4.38,31,89.1,33.1,6.8,40.9,77.90190008,94.41770536,20.5,44.1,45.3
"Williams, Trevor",592866,30,144.1,658,111,52,16.9,7.9,89,97,6,10,5.55,30,88.3,36.9,10.2,38.6,77.00541603,93.99725448,19,47.1,40
"Germán, Domingo",593334,20,108.2,444,114,34,25.7,7.7,55,61,5,7,4.56,19,88.3,33.8,9.7,41.4,76.47749448,94.25443142,30.3,50.9,39.7
"Neris, Hector",593576,71,68.1,273,77,31,28.2,11.4,13,16,6,3,1.71,0,86.5,29.2,8.1,28,74.98336667,93.0671231,30.6,50.6,34.2
"Rodriguez, Eduardo",593958,26,152.2,621,143,48,23,7.7,56,59,13,9,3.3,26,88.6,31.4,7.5,38.5,76.99068462,94.24786955,23.8,47.8,42.6
"Peralta, Wandy",593974,63,54,227,51,30,22.5,13.2,17,19,4,2,2.83,0,86.8,26.4,7.1,34.3,74.52217647,93.56216704,29.7,46.8,57.1
"Mayers, Mike",594577,6,26.1,119,17,10,14.3,8.4,18,19,1,2,6.15,2,91.1,28.3,4.3,35.9,82.34080289,94.42085461,19.5,47.3,44.6
"Moll, Sam",594580,70,62.1,268,68,30,25.4,11.2,21,22,2,3,3.03,1,87.7,26.4,2.5,35.6,77.05590556,93.26661335,22.5,44.6,52.1
"deGrom, Jacob",594798,6,30.1,115,45,4,39.1,3.5,9,11,2,0,2.67,6,86.2,31.8,9.1,33.3,74.21817364,93.08927015,42.1,51.7,37.9
"Gonzales, Marco",594835,10,50,215,34,18,15.8,8.4,29,32,4,1,5.22,10,89.7,37.4,6.7,36.8,79.9982705,93.984348,19.8,48.6,40.5
"Lively, Ben",594902,19,88.2,383,79,25,20.6,6.5,53,53,4,7,5.38,12,89.1,38.4,8.3,36.2,78.6786138,93.97351584,20.7,45.4,39.1
"Neal, Zach",594943,14,27,124,25,14,20.2,11.3,20,22,1,1,6.67,2,87.7,49.4,12,41,74.15568439,94.70369122,23.1,49.6,34.9
"Okert, Steven",595345,64,58.2,247,73,24,29.6,9.7,29,31,3,2,4.45,2,88.2,43.2,9.5,34.5,77.366805,93.57987104,30.5,47.6,26.4
"Junis, Jakob",596001,40,86,367,96,21,26.2,5.7,37,42,4,3,3.87,4,88.5,32.9,8.2,35.4,77.20334713,93.95687872,27.2,46.7,42.8
"Stephenson, Robert",596112,60,52.1,201,77,16,38.3,8,18,20,3,4,3.1,0,87,31.5,13,32.4,75.2787387,93.54303299,46.3,53.7,34.3
"Weaver, Luke",596133,29,123.2,563,109,40,19.4,7.1,88,90,3,6,6.4,25,89.3,40.2,9.8,42,78.04239848,94.5086799,21.6,47.3,35.9
"Lawrence, Casey",596271,15,27.1,122,20,10,16.4,8.2,20,20,1,0,6.59,0,88.1,32.2,7.8,37.8,77.52245044,93.45089236,21.4,46.1,33.3
"Gomber, Austin",596295,27,139,603,87,43,14.4,7.1,85,88,9,9,5.5,27,90.5,31.3,8.9,44.3,79.77744665,94.9510922,19,47.5,42.8
"Ramirez, Nick",598286,32,40.2,172,28,9,16.3,5.2,12,17,1,2,2.66,0,85.8,36.6,6,28.4,74.67974612,92.47541677,24.1,46.7,48.5
"Leclerc, José",600917,57,57,233,67,28,28.8,12,17,19,0,2,2.68,0,85.9,29.4,8.1,32.4,74.11722971,92.83848382,35.4,48,28.7
"Machado, Andrés",600921,44,50,207,43,13,20.8,6.3,29,29,4,1,5.22,0,87.8,38.7,11.3,39.3,75.61467233,94.15728566,24,50.6,44
"Pivetta, Nick",601713,38,142.2,587,183,50,31.2,8.5,64,69,10,9,4.04,16,90.5,40.1,11.8,43.8,80.32762116,94.78097613,29.6,48.9,36.6
"Barlow, Scott",605130,63,68,299,79,34,26.4,11.4,33,39,2,6,4.37,0,85.5,39.2,4.4,29.8,73.85459944,92.64778898,30.8,43.9,44.2
"Bassitt, Chris",605135,33,200,826,186,59,22.5,7.1,80,88,16,8,3.6,33,87.5,36,8.3,35.3,75.81987463,93.66280941,21.9,47.3,42.9
"Brebbia, John",605154,40,38.1,161,47,14,29.2,8.7,17,21,3,5,3.99,10,90.7,31,10,44,81.2441848,94.4502274,27.4,47.6,30
"Chafin, Andrew",605177,63,51.1,224,63,28,28.1,12.5,27,30,3,4,4.73,0,86.8,38.6,9.8,32.6,74.91883292,93.36492546,31.8,43,40.2
"Clevinger, Mike",605182,24,131.1,549,110,40,20,7.3,55,56,9,9,3.77,24,88.1,34.9,7.2,35.9,77.25460072,93.56354382,23.2,49.1,31.3
"Davies, Zach",605200,18,82.1,377,72,39,19.1,10.3,64,67,2,5,7,18,89.7,35.2,8,42.4,78.34104863,94.84838473,22,40.3,44.3
"Edwards Jr., Carl",605218,32,31.2,142,24,17,16.9,12,13,14,1,3,3.69,0,86.3,33,4,29,76.0653006,92.2617121,21.6,47.4,45
"Fulmer, Michael",605242,58,57,237,65,28,27.4,11.8,28,29,3,5,4.42,1,86.4,37.3,6.3,30.3,74.98924352,92.91651859,33.5,46.2,39.4
"Holmes, Clay",605280,66,63,262,71,23,27.1,8.8,20,22,4,4,2.86,0,89.5,23,2.4,43,78.75946289,94.38774715,26.2,43.9,66.7
"Houser, Adrian",605288,23,111.1,481,96,34,20,7.1,51,56,8,5,4.12,21,90.5,30.9,7.1,46.3,80.08131437,94.91392507,18.4,45.2,47.1
"López, Jorge",605347,61,59,266,49,22,18.4,8.3,39,42,6,2,5.95,0,90.9,36.9,6.4,45.5,80.90191548,94.96357449,23.2,47.3,47.1
"Musgrove, Joe",605397,17,97.1,399,97,21,24.3,5.3,33,35,10,3,3.05,17,87.5,32.4,5.1,33.5,76.96321338,93.13451314,26,49.4,46
"Nola, Aaron",605400,32,193.2,793,202,45,25.5,5.7,96,105,12,9,4.46,32,89.3,36.3,8.3,38.5,78.53543572,94.14339004,26,49.3,43.1
"Romano, Jordan",605447,59,59,248,72,24,29,9.7,19,20,5,7,2.9,0,89,34,7.3,36.7,78.43683027,93.98318372,35.9,50.3,38
"Snell, Blake",605483,32,180,742,234,99,31.5,13.3,45,47,14,9,2.25,32,87.2,37,7.4,33.8,75.66726447,93.36491417,37.3,42.9,43.7
"Suárez, Andrew",605498,13,27.2,130,17,15,13.1,11.5,22,27,0,0,7.16,0,90.4,29.6,8.2,41.8,79.87820918,94.94597694,19.4,46.4,41.8
"Turnbull, Spencer",605513,7,31,145,24,15,16.6,10.3,25,26,1,4,7.26,7,88.4,35.9,8.7,36.9,77.37654804,93.96956852,21.9,45.2,47.6
"Woodruff, Brandon",605540,11,67,253,74,15,29.2,5.9,17,17,5,1,2.28,11,89,32.9,6.8,41.6,77.74225152,94.3454388,28.3,50.1,37.3
"Gallegos, Giovanny",606149,56,55,229,59,12,25.8,5.2,27,28,2,4,4.42,0,90.5,38.6,10.1,46.2,80.31315744,94.85444167,36.2,51.9,36.1
"Montero, Rafael",606160,68,67.1,298,79,29,26.5,9.7,38,40,3,3,5.08,0,87.9,33.7,9.1,41.7,75.21985484,94.49508747,29.9,49.1,40.6
"Payamps, Joel",606303,69,70.2,287,77,17,26.8,5.9,20,24,7,5,2.55,0,87.8,34.2,4.8,33.7,77.05642402,93.3022988,26.9,43.8,47.6
"Devenski, Chris",606965,38,42.1,173,42,11,24.3,6.4,21,24,6,4,4.46,0,90.3,31.1,13.4,42.9,79.71711797,94.76583769,29,48.2,41.2
"Rea, Colin",607067,26,124.2,517,110,38,21.3,7.4,63,65,6,6,4.55,22,90.4,34.5,7.7,43.3,79.91455422,94.82878625,24,47.9,44.1
"Rodón, Carlos",607074,14,64.1,286,64,28,22.4,9.8,49,51,3,8,6.85,14,91.6,37.6,12.2,41.8,82.47075032,94.82776803,26.3,53.4,27.5
"Weems, Jordan",607179,51,54.2,232,60,28,25.9,12.1,22,25,5,1,3.62,0,89.9,36.2,11.3,38.3,79.22853087,94.57972355,27,44.3,39
"Glasnow, Tyler",607192,21,120,485,162,37,33.4,7.6,47,52,10,7,3.53,21,90.4,33.3,11.6,44.6,79.67081965,95.02601498,35.3,48.6,50.9
"Garrett, Amir",607237,27,24.1,112,28,20,25,17.9,9,11,0,1,3.33,0,90.6,31.3,9.4,42.2,80.15080097,95.25374853,26.4,42.2,48.4
"Martinez, Nick",607259,63,110.1,461,106,40,23,8.7,42,45,6,4,3.43,9,84.7,30.5,7.1,29.9,72.64701796,92.40008957,28.6,46.9,54
"Bummer, Aaron",607481,61,58.1,267,78,36,29.2,13.5,44,45,5,5,6.79,0,89.2,27,2.7,44.6,77.47240986,94.91612772,32,40,60.1
"Freeland, Kyle",607536,29,155.2,677,94,42,13.9,6.2,87,96,6,14,5.03,29,90.2,35,8.7,43.5,79.78008045,94.64855979,17.1,51,40.9
"Lugo, Seth",607625,26,146.1,604,140,36,23.2,6,58,62,8,7,3.57,26,90.7,34.6,9.6,44.2,80.52290576,94.83782123,21.8,46.3,45.4
"Vasquez, Andrew",607755,42,48.1,219,43,23,19.6,10.5,18,21,2,1,3.35,0,85.7,30.8,5.5,30.8,74.76934859,92.34895681,17.5,42.9,47.3
"Estévez, Carlos",608032,63,62.1,281,78,31,27.8,11,27,34,5,5,3.9,0,90.4,33.5,6.6,44.3,80.18138627,94.71135103,27.5,51.9,31.7
"Fried, Max",608331,14,77.2,311,80,18,25.7,5.8,22,24,8,1,2.55,14,86.5,23.7,3.8,32.7,74.72541144,93.12430734,27.2,46.5,59.2
"Giolito, Lucas",608337,33,184.1,794,204,73,25.7,9.2,100,110,8,15,4.88,33,89.2,33.3,11,41.6,77.97955087,94.42069162,28.8,46.8,36.1
"Irvin, Cole",608344,24,77.1,336,68,21,20.2,6.3,38,42,1,4,4.42,12,88.5,39.6,10.8,34.6,77.45743219,93.94542063,20.8,50.5,41.7
"Sims, Lucas",608371,67,61,258,72,39,27.9,15.1,21,23,7,3,3.1,0,87.6,32.1,8.8,32.1,77.93010448,92.65971328,33.1,45.7,24.8
"Wacha, Michael",608379,24,134.1,553,124,43,22.4,7.8,48,49,14,4,3.22,24,88.1,38.6,7.3,35.5,77.38429581,93.5172127,24.6,47.9,35.2
"Chargois, JT",608638,46,42.1,174,35,18,20.1,10.3,17,17,1,0,3.61,5,87.7,34.5,4.2,34.5,76.88972707,93.31582724,20.3,40,54.6
"Graveman, Kendall",608665,68,66.1,282,66,36,23.4,12.8,23,27,5,6,3.12,0,88.6,32.2,6.9,35.6,78.12493943,93.68802549,29.2,43.6,38.5
"Leone, Dominic",608678,51,54,235,54,28,23,11.9,28,28,1,3,4.67,0,89.7,36.4,11.9,44.4,78.60371,94.59610656,34.1,50.7,37.1
"Stratton, Chris",608717,64,82.2,338,81,25,24,7.4,36,39,2,1,3.92,0,89.7,30.4,8.3,39.1,79.77271553,93.99139141,21.9,47.5,39.1
"Suter, Brent",608718,57,69.1,292,55,25,18.8,8.6,26,36,4,3,3.38,2,84,28.7,3.3,26.3,71.87823475,92.1555801,22,44.3,46.9
"Voth, Austin",608723,25,34.2,160,34,15,21.3,9.4,20,22,1,2,5.19,0,88.4,31.5,5.6,35.2,77.86392185,93.68538224,24,47.8,34.3
"Castro, Miguel",612434,75,64.2,268,60,25,22.4,9.3,31,32,6,6,4.31,0,86.1,33.3,6.1,28.3,74.75168652,92.77636882,26.9,45.7,44.4
"Ruiz, José",614179,38,44.1,207,39,21,18.8,10.1,29,31,2,1,5.89,1,89,39.7,8.5,36.2,79.07877859,93.6999317,29.5,45.9,38.3
"Quantrill, Cal",615698,19,99.2,444,58,35,13.1,7.9,58,59,4,7,5.24,19,87.9,37.2,8.4,39.2,76.12958117,94.0103117,18.9,47,40.4
"Cuas, Jose",621016,72,65.1,292,71,35,24.3,12,29,30,3,2,3.99,2,89.9,36.3,11.7,41.3,79.52894652,94.36691528,29.5,45.5,45.3
"Wilson, Steven",621051,52,53,219,57,27,26,12.3,23,23,1,2,3.91,0,87.2,28.8,8.3,33.3,76.25042197,93.07623697,26.7,44.2,25.8
"Rucker, Michael",621074,35,40.1,176,40,19,22.7,10.8,22,22,2,1,4.91,0,91.6,32.5,7.9,49.1,81.33275018,95.49464561,27.7,43.1,51.8
"Kaprielian, James",621076,14,61,280,57,31,20.4,11.1,43,45,2,6,6.34,11,89.6,36.6,7,38.7,79.70958352,93.93567236,25,48.5,32.3
"Eflin, Zach",621107,31,177.2,703,186,24,26.5,3.4,69,69,16,8,3.5,31,87.5,29.2,9,35.1,75.55741481,93.73501605,24,49.9,50.4
"Blackburn, Paul",621112,21,103.2,464,104,43,22.4,9.3,51,54,4,7,4.43,20,87.2,38,5.8,33.2,75.9141541,93.27628218,23.8,45.7,41.5
"Alvarado, José",621237,42,41.1,172,64,18,37.2,10.5,8,15,0,2,1.74,0,91.1,31.1,4.4,45.6,80.80791911,95.26677629,33.5,49.5,55.6
"Berríos, José",621244,32,189.2,782,184,52,23.5,6.6,77,82,11,12,3.65,32,88.2,39.1,8.6,35.8,77.33453026,93.5835612,25.4,46.5,42.1
"Underwood Jr., Duane",621249,20,24.1,100,14,11,14,11,14,14,1,0,5.18,0,88.4,37.3,8,38.7,76.88714263,94.09001573,20.1,47.2,44
"Wittgren, Nick",621295,27,29,128,18,11,14.1,8.6,16,17,1,0,4.97,0,88.6,34.4,7.3,34.4,78.12955604,93.71472438,15.4,48.1,44.8
"Minter, A.J.",621345,70,64.2,260,82,21,31.5,8.1,27,28,3,6,3.76,0,87.9,36.9,7,36.3,76.78532584,93.5544334,31.4,50.4,36.3
"Poche, Colin",621363,66,60.2,246,61,24,24.8,9.8,15,17,12,3,2.23,0,87.2,29.4,5.6,31.3,76.4674809,93.01999885,29,48.8,36.3
"Borucki, Ryan",621366,38,40.1,152,33,4,21.7,2.6,11,11,4,0,2.45,2,85.7,25.2,6.3,29.7,74.24539546,92.6585744,27.7,52.7,47.7
"Strahm, Matt",621381,56,87.2,351,108,21,30.8,6,32,34,9,5,3.29,10,90.2,35.2,8.2,42,80.26660565,94.45162079,28,50.4,33.8
"Banks, Tanner",621383,32,61,255,51,16,20,6.3,30,32,1,4,4.43,3,90.3,35.3,9.2,37,80.88915554,94.06682612,24.6,46.4,37
"Blach, Ty",621389,20,78,352,50,24,14.2,6.8,48,51,3,3,5.54,13,90.1,41.9,11,43.4,78.33775493,95.19675708,15.1,49.2,39.3
"Young, Alex",622065,63,53.2,236,50,20,21.2,8.5,23,27,4,2,3.86,0,90.2,28.5,6.1,44.2,79.7651005,94.58508813,30,50.9,49.7
"Wood, Alex",622072,29,97.2,429,74,42,17.2,9.8,47,52,5,5,4.33,12,89.2,33.1,5.6,37.4,79.41072275,93.77216477,21.7,45.8,45.9
"Almonte, Yency",622075,49,48,207,49,23,23.7,11.1,27,30,3,2,5.06,0,87.7,34.4,6.9,31.3,77.08148215,93.18128485,30.2,43,42.7
"Smith, Drew",622098,62,56.1,244,60,29,24.6,11.9,26,31,4,6,4.15,0,89.5,38,10.7,39.3,79.45313947,93.8532688,26,46.5,30.7
"Sborz, Josh",622250,44,52.1,215,66,17,30.7,7.9,32,33,6,7,5.5,0,89.9,30.8,8.5,40.8,79.35366492,94.55518692,36.9,47.1,46.9
"Castillo, Luis",622491,33,197,802,219,56,27.3,7,73,81,14,9,3.34,33,90,31,9.4,41.8,78.96020907,94.70960365,30.6,52.1,39.5
"Domínguez, Seranthony",622554,57,50,224,48,22,21.4,9.8,21,25,5,5,3.78,0,85.5,35.8,8.1,31.1,72.58006069,93.2274424,28,50.6,42.6
"Severino, Luis",622663,19,89.1,417,79,34,18.9,8.2,66,73,4,8,6.65,18,90.2,37.9,10.4,45,79.67121811,94.77372449,20.6,51.5,43.3
"Cordero, Jimmy",622772,31,32.2,132,34,10,25.8,7.6,14,14,3,2,3.86,1,88.5,36,4.7,38.4,77.7743714,93.86838756,24.1,43,55.8
"Perdomo, Angel",622780,30,29,117,44,11,37.6,9.4,12,14,3,2,3.72,0,88.2,30.5,11.9,37.3,76.79645821,93.81288625,31.6,46,37.3
"Sewald, Paul",623149,65,60.2,249,80,24,32.1,9.6,21,23,3,2,3.12,0,85.9,34,5.6,29.9,74.50906343,92.69655914,29.3,49.8,32.6
"Flexen, Chris",623167,29,102.1,466,74,38,15.9,8.2,78,81,2,8,6.86,16,89.4,38.6,9.4,41.4,78.52899178,94.27543066,22.3,48,38.9
"Brazoban, Huascar",623211,50,58.2,257,65,31,25.3,12.1,27,28,5,2,4.14,0,85.4,31.2,7,28,72.97867474,92.86371816,31.5,47.6,51.6
"Hader, Josh",623352,61,56.1,231,85,30,36.8,13,8,11,2,3,1.28,0,87,33.6,4.4,28.3,76.457276,92.80363455,33.1,50.1,37.2
"Anderson, Nick",623433,35,35.1,141,36,9,25.5,6.4,12,14,4,0,3.06,0,90.8,33.3,9.4,41.7,81.43444813,94.44694211,27.8,48,40.6
"Topa, Justin",623437,75,69,279,61,18,21.9,6.5,20,26,5,4,2.61,0,87.5,26.9,3,36.5,75.93017432,93.63747979,19.1,46.6,57.4
"Phillips, Evan",623465,62,61.1,234,66,13,28.2,5.6,14,19,2,4,2.05,0,88.2,29.6,6.6,36.8,77.22694467,93.58479627,29.4,47.7,44.1
"Herget, Jimmy",623474,29,29,127,26,8,20.5,6.3,15,15,2,4,4.66,1,89.3,45.1,9.9,38.5,78.83518913,94.15521846,20.4,47.2,28.6
"Suárez, Ranger",624133,22,125,540,119,48,22,8.9,58,59,4,6,4.18,22,87.8,35.3,7.5,36.1,76.42190169,93.62207436,23,45,48.8
"Thompson, Keegan",624522,19,28.2,125,26,19,20.8,15.2,15,15,2,2,4.71,0,88.9,34.2,5.1,44.3,78.2500618,94.20247078,26.6,42.6,39.2
"González, Victor",624647,34,33.2,135,30,10,22.2,7.4,15,15,3,3,4.01,1,86.6,29.3,6.5,29.3,74.91429739,93.16234489,28.8,45.7,54.3
"López, Reynaldo",625643,68,66,278,83,34,29.9,12.2,24,25,3,7,3.27,0,88.1,33.3,9.4,38.4,76.32051897,93.97355115,30.5,51.2,40.3
"Maeda, Kenta",628317,21,104.1,428,117,28,27.3,6.5,49,50,6,8,4.23,20,90.4,38.9,8.2,42.1,80.7639429,94.38804612,28.2,48.5,33.6
"Iglesias, Raisel",628452,58,55.2,231,68,15,29.4,6.5,17,23,5,4,2.75,0,88.8,35.8,6.8,37.8,78.01351743,93.90334925,32.7,53.4,43.2
"Marte, Yunior",628708,40,39.1,182,38,17,20.9,9.3,22,27,1,1,5.03,0,87.1,28.6,7.9,34.1,75.13726081,93.52489202,25,47.4,50
"Urías, Julio",628711,21,117.1,482,117,24,24.3,5,60,61,11,8,4.6,21,87.2,31.2,8.7,34.5,75.57133242,93.50630675,24.2,49.5,37.5
"Chirinos, Yonny",630023,20,85,367,53,27,14.4,7.4,51,53,5,5,5.4,9,91.3,34.9,9.3,45.6,81.40870333,95.08777235,17.7,48.7,46.3
"Finnegan, Kyle",640448,67,69.1,288,63,24,21.9,8.3,29,33,7,5,3.76,0,92.2,34,8.5,47.5,81.82415268,95.99843335,24.8,49.5,47.5
"Harvey, Hunter",640451,57,60.2,235,67,13,28.5,5.5,19,21,4,4,2.82,0,89.6,32,8.5,41.2,79.11367868,94.36678559,26.3,50.9,43.8
"Manaea, Sean",640455,37,117.2,499,128,42,25.7,8.4,58,68,7,6,4.44,10,89.4,35.8,8.7,36.4,78.98856189,94.09059224,24.1,49.8,42.4
"Puk, A.J.",640462,58,56.2,242,78,13,32.2,5.4,25,29,7,5,3.97,0,87.3,27.5,8.1,32.2,75.41632365,93.71006286,32.8,48.2,45.6
"Alzolay, Adbert",640470,58,64,253,67,13,26.5,5.1,19,23,2,5,2.67,0,89.4,33.3,6,36.9,78.90835268,94.26336226,28.1,51.4,43.5
"López, Pablo",641154,32,194,801,234,48,29.2,6,79,81,11,8,3.66,32,87.1,32.4,6.3,34.8,75.93451778,93.23584819,30.3,51.7,45.4
"Alexander, Tyler",641302,25,44,181,44,5,24.3,2.8,22,25,2,1,4.5,1,89.2,38.8,10.9,40.3,78.75439203,93.94028764,18.3,49.2,33.3
"Baker, Bryan",641329,46,45,186,51,24,27.4,12.9,18,19,4,3,3.6,0,90,30,7.3,36.4,80.26443091,94.05998762,23.6,48,35.5
"Bickford, Phil",641360,61,67.1,304,76,39,25,12.8,37,41,5,5,4.95,0,90.9,34.6,10.3,42.2,80.95653101,94.8712732,29.7,48.8,29.2
"Brogdon, Connor",641401,27,29,127,26,13,20.5,10.2,13,14,2,1,4.03,1,86.1,37.9,10.3,32.2,73.30696302,93.49467523,27.9,47.4,37.9
"Cortes Jr., Nestor",641482,12,63.1,266,67,20,25.2,7.5,35,36,5,2,4.97,12,89.6,33,7.4,41.5,79.26095818,94.1314096,24.2,49.4,26.1
"Dunning, Dane",641540,35,172.2,722,140,55,19.4,7.6,71,73,12,7,3.7,26,88.8,32.5,7.5,40.2,77.7592569,94.06919,22.2,47,47.2
"France, J.P.",641585,24,136.1,581,101,47,17.4,8.1,58,64,11,6,3.83,23,89.6,33.9,8.1,38.7,79.32435423,94.10833457,21.9,44.9,42.2
"Gott, Trevor",641627,64,58,261,62,19,23.8,7.3,27,34,0,5,4.19,0,88.2,33.5,4.5,36.4,76.87902839,93.93131844,22.9,44.6,41.5
"Hamilton, Ian",641656,39,58,239,69,26,28.9,10.9,17,19,3,2,2.64,3,86,31.2,5.7,36.9,72.83142803,93.6814822,34.4,47.5,56
"Hatch, Thomas",641672,18,28.2,129,26,12,20.2,9.3,13,18,1,1,4.08,2,89.9,30.3,4.5,46.1,79.47447091,94.51213421,29.6,49.4,53.9
"Honeywell Jr., Brent",641703,40,52.1,235,45,24,19.1,10.2,28,29,2,4,4.82,0,90.9,30.4,8.1,47.8,80.58770813,95.2103195,24,46.8,49.7
"Hudson, Dakota",641712,18,81.1,354,45,34,12.7,9.6,45,46,6,3,4.98,12,90.5,30.9,8.9,45.4,79.31491881,95.23986754,20.2,47.1,51.7
"Jiménez, Joe",641729,59,56.1,238,73,14,30.7,5.9,19,22,0,3,3.04,0,91.1,40.9,11.4,45,80.98968257,95.21334075,32.2,51.1,29.5
"Keller, Brad",641745,11,45.1,211,31,45,14.7,21.3,23,26,3,4,4.57,9,89.2,30.3,6.8,36.4,79.63309727,93.49613417,22.8,37.5,57.6
"Kuhl, Chad",641771,16,38.1,187,31,28,16.6,15,36,38,0,4,8.45,5,92.2,44,12,50.4,81.77812274,95.8681079,26.6,41,31.2
"Lauer, Eric",641778,10,46.2,211,43,24,20.4,11.4,34,39,4,6,6.56,9,91.7,41,13.9,45.1,82.10051764,95.02607188,22,46.9,25
"Littell, Zack",641793,28,90,379,74,12,19.5,3.2,41,43,3,6,4.1,14,89.6,33.9,8.3,41.9,79.01714126,94.34008228,21,53.4,42.2
"Mahle, Tyler",641816,5,25.2,102,28,5,27.5,4.9,9,11,1,2,3.16,5,87.5,34.8,8.7,39.1,76.15444265,93.50901574,24,45.6,37.7
"Mayza, Tim",641835,69,53.1,215,53,15,24.7,7,9,10,3,1,1.52,0,87.3,28.6,4.1,39.5,74.28569736,94.27199056,22.3,43.8,59.2
"Middleton, Keynan",641871,51,50.2,212,64,23,30.2,10.8,19,20,2,2,3.38,0,85.3,25,8.1,31.5,73.04380836,92.84698281,36,51.6,56.5
"Ober, Bailey",641927,26,144.1,577,146,29,25.3,5,55,58,8,6,3.43,26,88.2,33.4,9.6,35.7,77.74015929,93.49078292,28.7,53.1,34.7
"Pagán, Emilio",641941,66,69.1,273,65,21,23.8,7.7,23,26,5,2,2.99,1,90.6,34.4,7.5,45.2,81.32029457,94.54476223,24.4,54.6,32.3
"Saucedo, Tayler",642048,52,47.2,207,43,23,20.8,11.1,19,20,3,2,3.59,0,85.9,25.9,5.2,31.9,74.20739923,92.82914527,29.6,45.8,58.5
"Speier, Gabe",642100,69,54.2,216,64,11,29.6,5.1,23,24,2,2,3.79,0,88.5,30.4,8.7,42,76.44684588,94.68923667,30,52.8,55.8
"Williams, Devin",642207,61,58.2,231,87,28,37.7,12.1,10,13,8,3,1.53,0,85.9,35.7,7,29.6,74.7385579,92.52399097,41.1,46.9,47.8
"Winans, Allan",642216,6,32.1,141,34,8,24.1,5.7,19,19,1,2,5.29,6,89.3,36.1,8.2,39.2,79.05141408,93.88844196,25.2,47.6,45.4
"Yarbrough, Ryan",642232,25,89.2,376,67,13,17.8,3.5,45,45,8,7,4.52,9,85.4,32.6,6.6,29.2,73.24484239,92.76774338,22.8,51.5,39.9
"Soto, Gregory",642397,69,60.1,250,65,22,26,8.8,31,34,3,4,4.62,0,87.4,28.6,5.6,34.8,75.98296772,93.41221892,34,48.1,52.2
"Barria, Jaime",642545,34,82.1,362,62,30,17.1,8.3,52,63,2,6,5.68,6,87.6,34,10.4,34,76.3067506,93.49304112,22.9,48.5,36.2
"Hernández, Jonathan",642546,33,31.2,147,34,15,23.1,10.2,19,20,1,2,5.4,0,88.6,30.9,10.6,40.4,76.24560065,94.60704747,30,43.9,53.2
"Peralta, Freddy",642547,30,165.2,680,210,54,30.9,7.9,71,77,12,10,3.86,30,87.6,32.3,8.6,37.7,75.95279552,93.70498193,33.6,47.8,42.8
"Bautista, Félix",642585,56,61,237,110,26,46.4,11,10,14,8,2,1.48,0,88.6,31.3,8.1,34.3,78.80514625,93.27806813,44.3,51.2,36.4
"Herget, Kevin",643361,14,24.1,105,13,6,12.4,5.7,14,14,1,2,5.18,0,90.5,34.5,9.5,44,80.59793667,94.40015738,19.5,47.8,33.3
"Jax, Griffin",643377,71,65.1,274,68,19,24.8,6.9,28,30,6,10,3.86,0,86.8,29,3.3,33.3,75.18533911,93.19549572,26.6,48.1,56.8
"Leiter Jr., Mark",643410,69,64.1,269,77,24,28.6,8.9,25,27,1,3,3.5,0,88.2,33.1,8.8,39.4,76.14347975,94.24795031,32.1,44.3,46.3
"Pruitt, Austin",643493,38,48.1,197,30,13,15.2,6.6,16,18,2,6,2.98,6,87,37.3,6.5,30.7,76.40485553,92.83487211,20.4,48.6,37.3
"Rogers, Tyler",643511,68,74,309,60,19,19.4,6.1,25,27,4,5,3.04,0,84.4,26.2,2.2,27.6,71.87197189,92.51610213,22.4,51.2,53.3
"Alcantara, Sandy",645261,28,184.2,762,151,48,19.8,6.3,85,91,7,12,4.14,28,88.8,31.4,7,40.6,77.34873688,94.27589467,25.2,54.2,51.9
"Soroka, Michael",647336,7,32.1,145,29,12,20,8.3,23,23,2,2,6.4,6,87.3,38,11,34,75.61023184,93.61663684,23.5,45.3,46
"Abreu, Bryan",650556,72,72,287,100,31,34.8,10.8,14,17,3,2,1.75,0,89.9,36.6,9.8,34,80.58914961,93.96453338,39.8,44.8,38.6
"King, Michael",650633,49,104.2,431,127,32,29.5,7.4,32,35,4,8,2.75,9,86.8,36.7,7.1,33.3,75.0620778,93.30332439,29.4,42.5,43.4
"Civale, Aaron",650644,23,122.1,504,116,33,23,6.5,47,47,7,5,3.46,23,89,33.5,6.6,36.4,78.32191791,94.02557481,22.7,46.9,39.8
"Cabrera, Génesis",650893,61,55.2,239,58,24,24.3,10,25,28,2,1,4.04,0,91.4,29.7,11.6,47.7,81.50251442,95.19234052,29.8,49.7,38.7
"Sánchez, Cristopher",650911,19,99.1,396,96,16,24.2,4,38,44,3,5,3.44,18,88.8,31,8.2,40.2,76.6917954,94.7269782,26.4,48.2,57.7
"Duarte, Daniel",650960,31,31.2,136,23,20,16.9,14.7,13,14,3,0,3.69,0,85.6,20.7,4.3,32.6,73.92552674,92.68303717,24.5,47.9,50
"Abreu, Albert",656061,45,59,268,61,35,22.8,13.1,31,39,2,2,4.73,0,89,27.9,7.3,41.8,78.35210268,94.04679939,26,42,46.1
"Beeks, Jalen",656222,30,42.1,192,47,21,24.5,10.9,28,28,2,3,5.95,8,88.3,32.5,7.3,35,77.9836,93.43205,31,46.4,45.5
"Bielak, Brandon",656232,15,80,353,62,36,17.6,10.2,34,43,5,6,3.83,13,90.5,30,10.4,48.4,79.61211732,95.15938249,23.7,45,51.2
"Bird, Jake",656234,70,89.1,381,77,27,20.2,7.1,43,47,3,3,4.33,3,89.7,33,8.1,43.7,78.73069222,94.68471237,21.1,45.6,52.6
"Brigham, Jeff",656257,37,37.2,160,42,18,26.3,11.3,22,23,1,3,5.26,0,90,33.7,11.6,34.7,80.27284319,94.07000585,27.9,45.3,35.8
"Burke, Brock",656271,53,59.2,250,52,9,20.8,3.6,29,32,5,3,4.37,0,89.7,31,8.6,40.1,79.30069457,94.28031446,22.2,56.6,39.6
"Canning, Griffin",656288,24,127,536,139,36,25.9,6.7,61,62,7,8,4.32,22,91,31.5,9.8,44.2,81.18228177,94.78103805,29.1,48.4,43
"Cease, Dylan",656302,33,177,784,214,79,27.3,10.1,90,98,7,9,4.58,33,90,36.8,6.2,41.6,79.78860582,94.35501446,31,46.3,36.8
"Davidson, Tucker",656353,38,51.1,236,46,19,19.5,8.1,34,37,1,2,5.96,1,88.5,36.1,7.2,34.3,77.36836146,93.84641423,23.9,46.4,45.8
"Doyle, Tommy",656382,15,23.2,103,18,13,17.5,12.6,18,18,0,1,6.85,0,90.6,33.3,11.1,43.1,79.63701444,95.12914264,29.7,49.7,43.1
"Faedo, Alex",656412,15,64.2,262,58,20,22.1,7.6,32,35,2,5,4.45,12,88.8,34.4,7.7,33.9,77.9728811,93.84985192,23.5,47.7,36.1
"Flaherty, Jack",656427,29,144.1,650,148,66,22.8,10.2,80,83,8,9,4.99,27,87.9,38.5,7.3,38.3,76.59566512,93.75944007,26.6,44,43
"Ginkel, Kevin",656464,60,65.1,255,70,24,27.5,9.4,18,24,9,1,2.48,0,88,32.1,7.5,37.1,76.81440675,93.68903327,31.2,46.8,49.7
"Hentges, Sam",656529,56,52.1,223,56,18,25.1,8.1,21,24,3,2,3.61,0,91.6,32.9,5.4,49,81.51486068,95.57236527,27.4,45,57.7
"Hoffman, Jeff",656546,54,52.1,208,69,19,33.2,9.1,14,16,5,2,2.41,0,88.1,24.6,2.5,30.5,78.07986897,93.12752965,34.6,51.2,44.9
"Houck, Tanner",656557,21,106,463,99,41,21.4,8.9,59,61,6,10,5.01,21,90.2,31.2,6.6,43.8,79.83961348,94.67842965,28.7,47.3,53.3
"Jackson, Andre",656578,19,61.1,257,57,22,22.2,8.6,34,34,1,3,4.99,7,90.8,39.2,10.8,44.3,81.07776716,94.83565784,24.4,48.3,36.9
"Keller, Mitch",656605,32,194.1,825,210,55,25.5,6.7,91,97,13,9,4.21,32,87.7,36.5,8.6,35.6,75.95374952,93.73517624,23.2,47.8,44.2
"Kopech, Michael",656629,30,129.1,591,134,91,22.7,15.4,78,80,5,12,5.43,27,90.3,31.6,12.7,42.4,79.99523364,94.72003952,26.9,42.1,35.6
"Lange, Alex",656638,67,66,288,79,45,27.4,15.6,27,30,7,5,3.68,0,88.6,33.1,7,36.3,77.06381705,94.1664991,39.1,41,51
"Megill, Trevor",656730,31,34.2,148,52,12,35.1,8.1,14,14,1,0,3.63,2,90.7,43.4,7.2,38.6,81.65713293,94.41857342,32.5,46.7,32.5
"Megill, Tylor",656731,25,126.1,567,105,58,18.5,10.2,66,76,9,8,4.7,25,89.8,37,9.1,42.6,78.86975655,94.66349975,23.3,44.9,44.3
"Montgomery, Jordan",656756,32,188.2,777,166,48,21.4,6.2,67,75,10,11,3.2,32,88.3,36.3,7.5,37.9,77.15494714,93.9031783,25.9,47.6,43.8
"Peterson, David",656849,27,111,492,128,50,26,10.2,62,64,3,8,5.03,21,90,34.4,8.1,44.5,78.23061776,95.24751838,29.2,45.9,55.2
"Rasmussen, Drew",656876,8,44.2,177,47,11,26.6,6.2,13,13,4,2,2.62,8,87.3,29.7,4.2,32.2,76.58317931,92.99888974,23.7,50.1,53.4
"Scott, Tanner",656945,74,78,307,104,24,33.9,7.8,20,22,9,5,2.31,0,85.3,34.3,3.4,26.3,73.51237372,92.60034252,36.1,51.2,50.3
"Smeltzer, Devin",656970,9,22.1,100,16,4,16,4,16,18,0,1,6.45,1,90.9,40.8,11.8,47.4,80.40973921,95.116525,19.3,47.4,35.5
"Steele, Justin",657006,30,173.1,716,176,36,24.6,5,59,71,16,5,3.06,30,87.8,33.4,5.4,36.6,76.61452233,93.56474102,23.8,52.9,50.3
"Swanson, Erik",657024,69,66.2,262,75,21,28.6,8,22,22,4,2,2.97,0,89.2,31.3,6,40.4,78.59035476,94.14330823,32.6,50.4,40.4
"Thompson, Ryan",657044,31,30.2,121,21,8,17.4,6.6,13,14,1,2,3.82,0,86.9,17,5.7,34.1,75.11211163,93.44603541,17.8,44.4,62.5
"Toussaint, Touki",657053,20,87,384,85,57,22.1,14.8,48,48,4,7,4.97,16,89.1,34,7.7,39.6,78.377955,94.19691645,25.2,40.1,50.2
"Webb, Jacob",657097,54,53.2,232,57,30,24.6,12.9,22,22,1,1,3.69,0,88.1,32.6,5,39.7,77.57997,93.50287721,32.2,51.2,37.6
"Wright, Kyle",657140,9,31,155,34,17,21.9,11,24,26,1,3,6.97,7,91.1,32,12,46,80.5982651,95.44712837,22.8,47.3,61
"Merryweather, Julian",657240,69,72,303,98,36,32.3,11.9,27,28,5,1,3.38,0,89.8,32.1,7.1,40.5,78.82076451,94.79182287,35.1,47.3,41.7
"Strzelecki, Peter",657265,37,37,163,37,12,22.7,7.4,18,18,3,5,4.38,0,89.1,34,7.5,36.8,79.79585,93.35481381,26.6,45.5,38.7
"Webb, Logan",657277,33,216,850,194,31,22.8,3.6,78,83,11,13,3.25,33,90.7,28.4,6.9,46,79.69594423,95.25216736,20.7,47.4,62.7
"Schmidt, Clarke",657376,33,159,694,149,46,21.5,6.6,82,91,9,9,4.64,32,89.2,31.1,7.6,41,77.79197595,94.39970499,22.6,47.1,43.6
"Baumann, Mike",657508,60,64.2,273,61,33,22.3,12.1,27,29,10,1,3.76,0,91.3,31.6,9,45.8,81.36503875,95.14120914,25,48.3,42.9
"Bernardino, Brennan",657514,55,50.2,216,58,18,26.9,8.3,18,19,2,1,3.2,6,89,35.1,6.7,32.8,77.91286612,94.22936218,24.7,40.7,49.3
"Ferguson, Caleb",657571,68,60.1,270,70,23,25.9,8.5,23,30,7,4,3.43,7,89.3,29.6,3,39.1,78.89940831,94.03025067,26.1,49.2,49.1
"Hill, Tim",657612,48,44.1,202,26,14,12.9,6.9,27,36,1,4,5.48,0,89.9,21.8,5.1,44.2,78.49344908,95.20422338,15,50.1,63.5
"Ryan, Joe",657746,29,161.2,672,197,34,29.3,5.1,81,83,11,10,4.51,29,90,34,8.7,41.6,79.79898749,94.41233744,26.8,55.1,33.1
"Seabold, Connor",657756,27,87.1,408,67,28,16.4,6.9,73,76,1,7,7.52,13,89.2,38.6,10.1,40.5,78.16738556,94.39598808,21.5,50.3,34
"Avila, Pedro",658648,14,50.1,220,54,25,24.5,11.4,18,23,2,2,3.22,6,88.5,26.5,4.4,41.9,76.27409803,94.4930113,28.9,45.7,60.3
"Lamet, Dinelson",659275,17,27.2,145,32,23,22.1,15.9,36,38,1,4,11.71,4,91.6,34.8,11.2,52.8,82.060792,95.27411169,24,43.6,42.7
"Fujinami, Shintaro",660261,64,79,357,83,45,23.2,12.6,63,65,7,8,7.18,7,90.4,33.3,7.7,44.6,79.71280252,94.93751828,30.1,45.4,39.2
"Ohtani, Shohei",660271,23,132,531,167,55,31.5,10.4,46,50,10,5,3.14,23,86.4,34,10.1,35,73.9743325,93.44273591,30.8,46.7,45.8
"Suarez, José",660761,11,33.2,165,28,20,17,12.1,31,32,1,3,8.29,7,88.7,34.5,11.2,39.7,77.64867561,93.96665903,28.5,48.1,33.6
"De Los Santos, Yerry",660787,22,24.1,104,18,13,17.3,12.5,9,10,1,1,3.33,0,88.1,26.4,5.6,30.6,78.35383778,93.19074831,16.6,45.6,55.6
"Graterol, Brusdar",660813,68,67.1,257,48,12,18.7,4.7,9,14,4,2,1.2,1,87,24.2,4.6,32.5,75.80198274,93.15883233,16.3,50.7,66
"De Los Santos, Enyel",660853,70,65.2,262,62,25,23.7,9.5,24,26,5,2,3.29,0,88.7,36.8,8.2,33.3,78.16222058,93.74439187,27.4,49.7,40.4
"Martinez, Adrián",661309,22,55,241,47,19,19.5,7.9,29,31,0,2,4.75,1,88.6,42.4,10,37.6,77.21628,94.16916459,23.1,45.5,38.2
"Duran, Jhoan",661395,59,62.1,255,84,25,32.9,9.8,17,25,3,6,2.45,0,89.2,21.1,7,38,77.74989913,94.47050942,35.2,51.4,66.2
"Clase, Emmanuel",661403,75,72.2,302,64,16,21.2,5.3,26,37,3,9,3.22,0,88.4,29.4,5,37.6,77.81347869,93.63245748,27.4,53.4,56.6
"Llovera, Mauricio",661440,30,35,160,29,15,18.1,9.4,19,25,2,3,4.89,0,89.5,29.5,6.3,41.1,78.89029357,94.36023802,17.3,42.8,49.1
"Martinez, Seth",661527,35,43,195,45,19,23.1,9.7,25,29,2,3,5.23,0,90.2,40.8,9.6,45.6,78.59309459,95.29238771,25.4,45.8,39.2
"Muñoz, Andrés",662253,52,49,211,67,22,31.8,10.4,16,20,4,7,2.94,0,88.4,29.9,5.1,35.9,76.95025627,94.02528786,39.4,48,59
"Suarez, Robert",663158,26,27.2,108,24,10,22.2,9.3,13,13,4,3,4.23,0,88.1,25.7,6.8,36.5,78.0878127,93.16596176,26.2,49.2,50
"Waldron, Matt",663362,8,41.1,173,31,12,17.9,6.9,20,20,1,3,4.35,6,86.7,33.1,10.8,38.5,74.94224108,93.19964423,18.9,47.8,40
"Feltner, Ryan",663372,10,43.1,201,38,28,18.9,13.9,28,29,2,4,5.82,10,86.1,33.8,4.5,29.3,74.10283636,93.03714053,21.5,44.3,43.6
"Thornton, Trent",663423,27,31.1,125,26,6,20.8,4.8,7,12,1,2,2.01,1,85.9,32.3,4.3,29,74.54124489,92.71884634,22,47.6,39.8
"Campbell, Isaiah",663462,27,28.2,120,33,13,27.5,10.8,9,9,4,1,2.83,0,88.3,34.2,9.6,41.1,77.2329346,93.96886548,28.6,46.9,39.7
"Hjelle, Sean",663546,15,29,139,31,13,22.3,9.4,21,25,2,1,6.52,0,88.6,36.3,6.6,41.8,76.65572244,94.53368878,22.3,44.4,53.8
"McClanahan, Shane",663556,21,115,469,121,41,25.8,8.7,42,42,11,2,3.29,21,89.7,35.8,9.8,42.3,78.37734211,94.79062408,33.4,51.2,44.6
"Moran, Jovani",663558,43,42.1,184,48,27,26.1,14.7,25,27,2,2,5.31,0,86.2,32.1,6.4,27.5,74.95744327,92.70597692,37,42.1,43.1
"Falter, Bailey",663559,18,80.2,347,60,20,17.3,5.8,48,55,2,9,5.36,14,89.6,34.1,9,39.3,78.95915015,94.35757099,18.3,50.6,40.4
"Davis, Noah",663562,8,30,146,26,15,17.8,10.3,29,30,0,4,8.7,6,89.3,29.7,5.9,38.6,79.2047086,93.8069757,19.8,47.1,47.5
"Lambert, Peter",663567,25,87.1,375,71,28,18.9,7.5,52,54,3,7,5.36,11,90.8,32.1,11.1,45.8,80.88690632,94.86637565,21.6,47.5,41
"Irvin, Jake",663623,24,121,530,99,54,18.7,10.2,62,66,3,7,4.61,24,90.4,33.1,10.3,39.6,80.19321484,94.67182425,17.8,43.7,42.5
"Ward, Thaddeus",663658,26,35.1,160,30,28,18.8,17.5,25,26,0,0,6.37,0,89.4,31,10,37,78.8910772,94.19118546,23.2,38.6,46
"Harris, Hogan",663687,14,63,284,56,28,19.7,9.9,50,51,3,6,7.14,6,90,35.2,9.2,44.9,79.32177794,94.8224515,23.1,46,39.3
"Lynch IV, Daniel",663738,9,52.1,223,34,16,15.2,7.2,27,29,3,4,4.64,9,88.2,29.7,7.6,32,78.19926741,93.19213396,24.6,48.8,39.5
"Woodford, Jake",663765,15,47.2,222,29,22,13.1,9.9,33,34,2,3,6.23,8,92.1,35.1,11.3,49.4,82.34846205,95.58683711,15.8,41.7,51.2
"Hoeing, Bryan",663773,33,70.2,304,53,25,17.4,8.2,43,45,2,3,5.48,7,90.5,35.3,9.4,44.2,80.38910766,94.64768901,21.9,43.8,45.1
"Sandoval, Patrick",663776,28,144.2,652,128,74,19.6,11.3,66,89,7,13,4.11,28,87.6,38,7,35.1,76.33447694,93.45607915,27.7,46.6,47
"Kowar, Jackson",663804,23,28,137,29,20,21.2,14.6,20,24,2,0,6.43,0,87.9,34.5,5.7,34.5,77.44301163,93.26703,26.3,44.2,44.8
"Hicks, Jordan",663855,65,65.2,285,81,32,28.4,11.2,24,30,3,9,3.29,0,86.7,27.4,5.4,35.7,73.76585675,93.86038416,28.2,41.4,58.9
"Pearson, Nate",663878,35,42.2,182,43,18,23.6,9.9,23,25,5,2,4.85,0,91.6,29.7,8.5,47.5,82.04529068,95.31705186,26.4,43.1,30.5
"Singer, Brady",663903,29,159.2,702,133,49,18.9,7,98,102,8,11,5.52,29,91,34.8,7.8,48.6,80.37926111,95.27544474,22.7,45.6,50.2
"Beck, Tristan",663941,33,85,354,68,21,19.2,5.9,37,40,3,3,3.92,3,88.1,32.3,7.6,35.7,77.48958092,93.42886073,23.6,49.2,41.8
"Holton, Tyler",663947,59,85.1,324,74,18,22.8,5.6,20,21,3,2,2.11,1,86.1,35.5,6.9,32.5,73.9034343,93.19342368,26.1,49.3,45.9
"Stephan, Trevor",663986,71,68.2,294,75,26,25.5,8.8,31,35,7,7,4.06,0,89.1,34,8.5,38.3,78.12594602,94.21419216,30.6,49.9,42.6
"Gonsolin, Tony",664062,20,103,435,82,40,18.9,9.2,57,61,8,5,4.98,20,90.2,35.9,11.4,41.8,80.06422586,94.4966905,21.5,49.4,36.3
"Fairbanks, Pete",664126,49,45.1,184,68,20,37,10.9,13,14,2,4,2.58,0,85.7,27.2,3.3,35.9,71.98379244,93.76037389,30.7,46.6,51.1
"Gibaut, Ian",664139,74,75.2,318,69,28,21.7,8.8,28,33,8,4,3.33,0,86.7,34.3,6,31.9,75.75806645,92.92461385,25.5,51.7,40.7
"Lucchesi, Joey",664192,9,46.2,195,32,17,16.4,8.7,15,17,4,0,2.89,9,88.8,34,10.4,38.2,76.99281329,94.40476381,17.4,43.8,47.9
"Clarke, Taylor",664199,58,59,266,65,24,24.4,9,39,42,3,6,5.95,2,89.6,36.4,12.7,41.6,78.22922698,94.73063994,27.6,50.3,31.8
"Maton III, Phil",664208,68,66,274,74,25,27,9.1,22,27,4,3,3,0,84.5,31.9,7.2,23.5,73.63354415,91.74159908,32.9,50,43.4
"Valdez, Framber",664285,31,198,808,200,57,24.8,7.1,76,86,12,11,3.45,31,91.5,30.9,8,45.6,81.84459087,95.10129987,26.7,47.2,55.2
"Moreta, Dauri",664294,55,58,239,76,24,31.8,10,24,26,5,2,3.72,0,86.7,36,8.1,33.1,75.08028194,93.17112784,33.6,44.5,40.4
"Javier, Cristian",664299,31,162,687,159,62,23.1,9,82,85,10,5,4.56,31,89.1,38.1,9.4,38.3,78.87717522,93.87623145,27.1,48,26.1
"Urquidy, José",664353,16,63,275,45,25,16.4,9.1,37,37,3,3,5.29,10,86.6,37.9,8.9,34,75.04540667,93.08130783,25,51.4,36.5
"Díaz, Alexis",664747,71,67.1,286,86,36,30.1,12.6,23,30,9,6,3.07,0,89.8,29.2,6.5,41.6,79.71214351,94.26126399,34.8,47,39.6
"Helsley, Ryan",664854,33,36.2,146,52,17,35.6,11.6,10,11,3,4,2.45,0,88.6,27.6,3.9,39.5,77.89145395,93.9362575,35,49.9,40.8
"Lawrence, Justin",664875,69,75,326,78,36,23.9,11,31,37,4,7,3.72,0,89.5,32.2,5.4,39,79.21633505,94.02726975,24.1,41.7,48.8
"Kremer, Dean",665152,32,172.2,735,157,55,21.4,7.5,79,85,13,5,4.12,32,89.7,36.9,8.9,40.3,79.05229775,94.3937839,24,47.7,40.2
"Medina, Luis",665622,23,109.2,495,106,57,21.4,11.5,66,73,3,10,5.42,17,89.3,36.4,6.2,41,78.64899238,94.17180141,24.5,46.1,43.8
"Peguero, Elvis",665625,59,61.1,252,54,26,21.4,10.3,23,25,4,5,3.38,0,89,30.4,3,38.1,78.13722869,94.04201845,31.1,46.5,56
"Cabrera, Edward",665795,22,99.2,434,118,66,27.2,15.2,47,48,7,7,4.24,20,87.6,24,6.9,35.4,76.18812631,93.59703473,30.9,43.1,55.7
"Assad, Javier",665871,32,109.1,449,94,41,20.9,9.1,37,38,5,3,3.05,10,87.6,31.2,9,41.2,74.98809033,94.25884609,20.7,42.9,47.3
"Garrett, Braxton",666129,31,159.2,659,156,29,23.7,4.4,65,68,9,7,3.66,30,90.2,32.2,7.8,45.1,78.93739891,95.01375896,25.3,47.2,49
"Ragans, Cole",666142,29,96,392,113,41,28.8,10.5,37,40,7,5,3.47,12,87.8,31.8,6.4,36.9,77.09636422,93.33006052,30.9,49.4,44.5
"Kauffmann, Karl",666154,11,35,158,16,16,10.1,10.1,32,34,2,5,8.23,3,93.4,36.1,9,49.2,85.29893016,95.7240481,17.2,45,41.8
"Lodolo, Nick",666157,7,34.1,166,47,10,28.3,6,24,24,2,1,6.29,7,90.8,36.3,12.7,40.2,80.3363972,95.3382382,30.4,46.9,47.1
"Manning, Matt",666159,15,78,316,50,21,15.8,6.6,31,37,5,4,3.58,15,90.9,33.5,10.9,43.9,81.28996219,94.69266924,18.8,46.8,38.5
"Thompson, Mason",666168,51,54,240,44,22,18.3,9.2,33,35,4,4,5.5,0,86.6,30,5.3,35.9,73.97167417,93.6439206,21.6,43.9,50.6
"Luzardo, Jesús",666200,32,178.2,741,208,55,28.1,7.4,71,79,10,10,3.58,32,89.5,34.7,9.5,40,78.47433885,94.42147959,31.4,48.6,41.1
"Manoah, Alek",666201,19,87.1,415,79,59,19,14.2,57,61,3,9,5.87,19,89.5,33.6,9,44.8,78.08341105,94.91259453,21.8,45.4,38.8
"Muller, Kyle",666205,21,77,372,56,39,15.1,10.5,65,65,1,5,7.6,13,92.1,35.4,10.9,49.6,81.51448287,95.88538107,21,48.4,43.4
"Wentz, Joey",666214,25,105.2,492,98,47,19.9,9.6,81,87,3,13,6.9,19,89.9,36.6,11.5,41.5,78.99335844,94.6334448,25.2,47.8,36.9
"Soriano, George",666277,26,52,228,52,23,22.8,10.1,22,26,0,0,3.81,1,89.9,34.5,7.4,38.5,79.74350865,94.3516164,28.8,44.5,43.2
"Balazovic, Jordan",666364,18,24.1,108,17,12,15.7,11.1,12,13,1,0,4.44,0,92.1,30.4,7.6,49.4,83.50657225,95.01916835,18.1,46.4,44.3
"Brash, Matt",666374,78,70.2,308,107,29,34.7,9.4,24,26,9,4,3.06,0,88.1,31.3,4.8,34.3,77.21464807,93.57311879,38.1,44.5,45.8
"Santos, Gregory",666619,60,66.1,289,66,17,22.8,5.9,25,29,2,2,3.39,0,88.9,32.8,1.5,34.8,79.5073986,93.27311196,30,49.4,52.2
"Brito, Jhony",666745,25,90.1,372,72,28,19.4,7.5,43,47,9,7,4.28,13,88.6,30.6,9,36.9,78.14311424,93.65291867,21.5,48.2,44.4
"Doval, Camilo",666808,69,67.2,281,87,26,31,9.3,22,32,6,6,2.93,0,88.9,26.9,5,41.3,77.39616646,94.41379323,33.3,47.8,52.5
"Frías, Luis",666818,29,31,139,26,17,18.7,12.2,14,14,1,0,4.06,0,89.7,30.9,8.5,38.3,78.7622766,94.47297053,26.4,48.4,41.5
"Cano, Yennier",666974,72,72.2,283,65,13,23,4.6,17,19,1,4,2.11,0,88.4,30.2,5.4,38.1,76.37485323,94.29112279,25.5,50.4,58.9
"King, John",667463,35,37.1,157,20,10,12.7,6.4,15,15,2,1,3.62,0,87.8,22.8,5.5,37,76.29808258,93.70477331,21.5,49.5,66.9
"Soriano, José",667755,38,42,185,56,23,30.3,12.4,17,22,1,3,3.64,0,92,31.3,9.1,44.8,83.00342479,95.22678263,36.2,42.9,52.5
"Nogosek, Stephen",668665,13,25.2,118,25,14,21.2,11.9,16,16,0,1,5.61,0,89.7,35.1,11.7,42.9,78.31037872,95.05929013,24,41.7,37.7
"Erceg, Lucas",668674,50,55,251,68,36,27.1,14.3,29,33,4,4,4.75,0,86,34,6.4,33.3,74.33559845,92.85964986,28.4,41.5,44
"Plesac, Zach",668676,5,21.1,105,14,5,13.3,4.8,18,20,1,1,7.59,5,91.7,30.2,8.1,43,81.26793476,95.44620393,19.4,54.3,52.3
"Gallen, Zac",668678,34,210,846,220,47,26,5.6,81,87,17,9,3.47,34,91.5,36.4,9.2,46.2,82.0249942,95.00387354,26.3,47.2,42.3
"Thompson, Zack",668868,25,66.1,287,72,25,25.1,8.7,33,35,5,7,4.48,9,90.3,35.6,6.9,43.6,79.98704609,94.69286913,23.7,43.8,45.7
"Greene, Hunter",668881,22,112,498,152,48,30.5,9.6,60,65,4,7,4.82,22,90.1,34.1,9,44.1,79.48679462,94.82653754,30.6,49.2,35.9
"Williams, Gavin",668909,16,82,345,81,37,23.5,10.7,30,32,3,5,3.29,16,88,34.1,5.4,38.6,76.80001152,93.71581704,27.8,47.5,38.6
"Ashcraft, Graham",668933,26,145.2,624,111,52,17.8,8.3,77,78,7,9,4.76,26,88.4,34,6.9,38.9,76.72041982,94.14381922,22.1,48.2,48
"Romero, JoJo",668941,27,36.2,147,42,10,28.6,6.8,15,17,4,2,3.68,0,87.6,31.9,2.1,38.3,76.31913435,93.48035826,36.3,47.8,58.5
"Hollowell, Gavin",668970,26,33.2,154,32,18,20.8,11.7,22,23,2,0,5.88,0,86.6,37.8,8.2,35.7,74.81995327,93.40566217,25.5,46.2,33.7
"Gore, MacKenzie",669022,27,136.1,582,151,57,25.9,9.8,67,71,7,10,4.42,27,89.9,35.1,12.1,43.7,78.41922712,94.96701245,27.9,48.5,39.1
"Wilson, Bryse",669060,53,76.2,314,61,22,19.4,7,22,26,6,0,2.58,0,88.6,36.7,7,35.8,78.11009402,93.61705397,18.5,48.7,37.6
"May, Dustin",669160,9,48,187,34,16,18.2,8.6,14,14,4,1,2.63,9,89,29.6,5.2,40,78.71302118,93.81145059,15.8,47.3,44.4
"Nelson, Ryne",669194,29,144,619,96,46,15.5,7.4,85,87,8,8,5.31,27,90.8,37.1,11.6,42.7,80.70390881,94.89792153,20.3,49.8,37.5
"Burnes, Corbin",669203,32,193.2,784,200,66,25.5,8.4,73,77,10,8,3.39,32,86.4,31,5.3,32.4,74.85654949,92.97463159,28.7,46.3,44.1
"Akin, Keegan",669211,24,23.2,112,27,7,24.1,6.3,18,22,2,2,6.85,1,90.7,42.3,11.5,48.7,79.6037,95.38062395,24.6,53.1,35.9
"Morgan, Eli",669212,61,67.1,299,75,24,25.1,8,30,37,5,2,4.01,0,86,32.7,9,32.3,73.54322367,93.21153235,28.2,51.7,41.2
"Lee, Dylan",669276,24,23.2,101,24,8,23.8,7.9,11,14,1,0,4.18,1,88.5,42,11.6,39.1,77.22609029,93.99650269,30,53.7,40.6
"Gilbert, Logan",669302,32,190.2,770,189,36,24.5,4.7,79,82,13,7,3.73,32,90.5,35,9,44.6,80.44648539,94.74616915,26.3,52.2,42.2
"Wells, Tyler",669330,25,118.2,470,117,34,24.9,7.2,48,50,7,6,3.64,20,89,32.1,11.7,38.7,77.86953981,94.1918874,26.3,47.2,33
"Skubal, Tarik",669373,15,80.1,310,102,14,32.9,4.5,25,28,7,3,2.8,15,88.5,24.6,4.2,40.3,76.82327128,94.32296511,31.3,53,51.8
"Mlodzinski, Carmen",669387,35,36,152,34,18,22.4,11.8,9,14,3,3,2.25,1,88.7,35.4,4,41.4,77.2524072,94.15969081,21.4,45.4,47.5
"Lambert, Jimmy",669424,35,37.2,172,41,20,23.8,11.6,22,26,2,3,5.26,1,91.1,40,12.7,46.4,79.7350163,95.85720963,27.1,45.2,34.5
"Englert, Mason",669438,31,56,253,41,17,16.2,6.7,34,39,4,3,5.46,1,91.4,38.9,9.8,44.6,81.5790433,95.15536551,23.6,51.3,40.4
"Bieber, Shane",669456,21,128,533,107,34,20.1,6.4,54,56,6,6,3.8,21,91.6,34.4,7.8,47.8,81.65811974,95.36187707,24.2,46.1,47.5
"Nelson, Kyle",669459,68,56,239,67,14,28,5.9,26,30,7,4,4.18,2,89.6,39.5,9.6,39.5,79.42324066,94.13919318,30.4,52.5,39.5
"Liberatore, Matthew",669461,22,61.2,275,46,25,16.7,9.1,36,42,3,6,5.25,11,90.1,35.7,8.5,42.7,79.49538162,94.74873697,18.7,44.9,43.7
"Pallante, Andre",669467,62,68,302,43,30,14.2,9.9,36,37,4,1,4.76,0,89,19.5,3.5,41.6,77.54385571,94.41194518,18.2,45.3,77
"Long, Sam",669674,40,45,199,32,21,16.1,10.6,28,29,0,1,5.6,1,89.1,32.4,9,37.9,79.42459944,93.56811357,20.1,48.2,43.4
"Murphy, Chris",669684,20,47.2,212,49,17,23.1,8,26,27,1,2,4.91,0,87.1,34.5,6.9,33.1,76.34027366,92.99292681,22.4,47.8,44.8
"Wesneski, Hayden",669713,34,89.1,379,83,32,21.9,8.4,46,50,3,5,4.63,11,88.7,37.3,12.3,38.1,77.29845359,94.21268251,22.7,44.6,41.2
"Hernandez, Jose",669796,50,50.2,223,62,22,27.8,9.9,28,30,1,3,4.97,0,89.2,34.8,8.7,34.8,78.06358529,94.33774919,29.3,45.6,39.9
"Blanco, Ronel",669854,17,52,226,52,28,23,12.4,26,29,2,1,4.5,7,88.5,34,11.8,34.7,77.82054778,93.64306021,33,51.2,34.7
"Kirby, George",669923,31,190.2,757,172,19,22.7,2.5,71,74,13,10,3.35,31,89.2,32,7.5,40.9,78.35045527,94.24979479,22.9,54.5,44.6
"Scholtens, Jesse",669947,26,85,377,58,30,15.4,8,50,54,1,9,5.29,11,89.3,35.5,8,37.6,79.28477161,93.69475559,20.8,45.2,41.1
"Rosenberg, Kenny",670046,7,33,146,29,14,19.9,9.6,14,14,2,2,3.82,3,88,29.4,6.9,30.4,76.98620373,93.52438637,23.3,47.3,44.1
"Holderman, Colin",670059,58,56,240,58,20,24.2,8.3,24,25,0,3,3.86,0,89.1,28.1,5,43.1,77.63394275,94.45329019,23.2,47.7,53.8
"Francis, Bowden",670102,20,36.1,136,35,8,25.7,5.9,7,7,1,0,1.73,0,90,35.9,10.9,41.3,80.04558239,94.26847747,23.2,49.5,35.9
"Oller, Adam",670124,9,19.2,101,13,12,12.9,11.9,22,24,1,1,10.07,1,91.9,44,9.3,46.7,82.08038211,95.62862427,20.7,44.7,30.7
"Schreiber, John",670167,46,46.2,204,53,25,26,12.3,20,22,2,1,3.86,2,89.3,32.8,6.6,39.3,78.35926966,94.18810297,24.5,44.2,43.4
"Winckowski, Josh",670174,60,84.1,367,82,31,22.3,8.4,27,34,4,4,2.88,1,89.4,30.3,6.4,41,79.12233576,93.985863,26.2,49.4,51.4
"Bednar, David",670280,66,67.1,277,80,21,28.9,7.6,15,22,3,3,2,0,88,29.5,5.2,40.5,76.90082318,93.66531935,32.8,54.1,42.2
"Oviedo, Johan",670912,32,177.2,781,158,83,20.2,10.6,85,91,9,14,4.31,32,88.6,32.2,7.6,40.2,77.1847736,94.17368787,26,46.5,44.6
"Richards, Trevor",670950,56,72.2,315,105,35,33.3,11.1,40,41,2,1,4.95,3,88.5,38.7,10.4,37.6,77.59265093,93.89933936,36.8,47.6,31.8
"Ramirez, Yohan",670990,31,38.1,176,35,17,19.9,9.7,18,21,1,0,4.23,0,86.8,24.8,4.4,31.9,76.12049018,92.87253655,20.6,40.2,59.3
"Abbott, Andrew",671096,21,109.1,459,120,44,26.1,9.6,47,47,8,6,3.87,21,91.2,36.7,9.2,42.5,82.09058324,94.48392717,25.5,46.8,29.9
"Allen, Logan",671106,24,125.1,537,119,48,22.2,8.9,53,55,7,8,3.81,24,88.9,34.2,7.6,39.1,77.88202857,94.24561284,24,47.7,42.7
"Foley, Jason",671345,70,69,276,55,15,19.9,5.4,20,21,3,3,2.61,0,88.2,29.3,4.4,42,75.64732049,94.55293714,17.9,48.4,56.6
"Bradley, Taj",671737,23,104.2,460,129,39,28,8.5,65,69,5,8,5.59,21,91.2,37.5,10.7,46.4,80.56777855,95.26480259,24.9,50.7,36.4
"Detmers, Reid",672282,28,148.2,644,168,60,26.1,9.3,74,81,4,10,4.48,28,89.8,37.2,6.2,41.4,79.2733503,94.45708152,27.1,48.8,37.2
"Pérez, Cionel",672335,65,53.1,247,44,27,17.8,10.9,21,30,4,2,3.54,0,89.2,21.5,2.9,41.9,77.69821595,94.50753405,19.8,46.2,62.8
"Ort, Kaleb",672391,21,23,107,24,9,22.4,8.4,16,19,1,2,6.26,2,90.4,31.5,12.3,39.7,80.32478029,94.882021,19.9,48.2,32.9
"Hernández, Carlos",672578,67,70,301,77,32,25.6,10.6,41,43,1,10,5.27,4,90.2,40.3,9.9,44.5,80.35473158,94.3348118,30.2,51.8,33
"Zerpa, Angel",672582,15,42.2,182,36,8,19.8,4.4,23,24,3,3,4.85,3,90.4,30.6,8.2,45.5,79.83869773,94.96537153,19.9,49.6,50.7
"Contreras, Roansy",672710,19,68.1,302,55,32,18.2,10.6,50,50,3,7,6.59,11,90.5,37.9,8.4,44.9,79.7712734,94.96442193,26.5,47,39.3
"Adon, Joan",672851,12,51.2,240,48,24,20,10,37,37,2,4,6.45,10,91.1,36.4,11.5,48.5,80.30577061,95.62181828,21.8,47.6,38.2
"Senga, Kodai",673540,29,166.1,694,202,77,29.1,11.1,55,60,12,7,2.98,29,89,31.5,6.8,40.6,77.90131103,94.28481415,29.7,45.2,44
"Bradford, Cody",674003,20,56,234,51,12,21.8,5.1,33,33,4,3,5.3,8,90.9,37.1,11.8,43.5,80.27554464,95.10417494,22.1,48.9,34.1
"Henry, Tommy",674072,17,89,381,64,35,16.8,9.2,41,42,5,4,4.15,16,87.9,33.8,7.6,32.4,77.31101094,93.32547482,22.3,48.7,36.7
"Bido, Osvaldo",674370,16,50.2,236,48,21,20.3,8.9,33,35,2,5,5.86,9,87.5,37.1,4.4,37.1,76.65802165,93.27310713,22.7,45,35.8
"Curry, Xzavion",675540,41,95,404,67,30,16.6,7.4,43,47,3,4,4.07,9,91.7,38.4,7.5,45.2,82.89475467,94.83629307,20.8,48.9,31.8
"Grove, Michael",675627,18,69,302,73,19,24.2,6.3,47,47,2,3,6.13,12,90,40.6,9.2,42,78.95529923,94.87688744,27.2,49.5,39.6
"Strider, Spencer",675911,32,186.2,763,281,58,36.8,7.6,80,85,20,5,3.86,32,88.5,40.2,8.2,36.1,77.7258957,93.78433377,38.6,53,34.9
"Karinchak, James",675916,44,39,171,52,28,30.4,16.4,14,18,2,5,3.23,0,90.4,38.6,12.5,38.6,81.01982227,94.23302782,29.8,40.8,28.4
"Bolton, Cody",675989,16,21.1,107,22,15,20.6,14,15,15,1,0,6.33,0,92.6,42,10.1,43.5,84.07642576,95.1506103,23.3,41.5,39.1
"Butto, José",676130,9,42,179,38,23,21.2,12.8,17,17,1,4,3.64,7,90,25.4,2.5,44.1,79.25698172,94.80352422,28.8,45.4,41.5
"Walker, Ryan",676254,49,61.1,263,78,24,29.7,9.1,22,25,5,3,3.23,13,85.1,32.7,4.4,26.4,73.9803257,92.2076614,32,45.5,44
"Abbott, Cory",676265,22,39.1,184,40,20,21.7,10.9,29,29,1,2,6.64,0,90.9,38.3,11.7,43.3,81.58971167,94.56314992,26.1,47.9,39.2
"Miller, Bobby",676272,22,124.1,505,119,32,23.6,6.3,52,53,11,4,3.76,22,88.3,33.3,6,37.6,77.30412302,93.81218006,26.7,48.2,47.7
"Garcia, Robert",676395,25,32,127,33,12,26,9.4,13,16,2,2,3.66,0,85.1,29.6,3.7,30.9,72.08401821,93.08252577,24.3,50.4,49.4
"Bibee, Tanner",676440,25,142,585,141,45,24.1,7.7,47,49,10,4,2.98,25,88.9,37.8,6.1,38.1,78.01009352,94.07053338,26.3,47.2,37.3
"Whitlock, Garrett",676477,22,71.2,304,72,13,23.7,4.3,41,43,5,5,5.15,10,90,37.5,10.2,42.6,79.25221796,94.71428079,28.1,51.2,44
"Faucher, Calvin",676534,17,25.2,120,25,12,20.8,10,20,20,1,1,7.01,4,90,35.4,12.2,45.1,78.06112927,95.0426789,23,47.3,48.8
"Fleming, Josh",676596,12,51.2,221,25,19,11.3,8.6,27,29,2,0,4.7,3,90.7,28.8,5.6,48.6,79.82297557,95.25988114,17.6,46.4,61.6
"Sears, JP",676664,32,172.1,735,161,53,21.9,7.2,87,90,5,14,4.54,32,88.6,32.7,11.1,38.4,77.25363428,94.08495204,24.7,51,30.5
"Cosgrove, Tom",676680,54,51.1,205,44,19,21.5,9.3,10,12,1,2,1.75,0,83.9,24.8,3.6,25.5,71.68664373,92.16493887,24.9,46.1,41.6
"Vest, Will",676684,48,48.1,199,56,13,28.1,6.5,16,18,2,1,2.98,4,90.2,35.7,5.4,45,80.10636692,94.69858713,24.3,47.6,44.2
"Crawford, Kutter",676710,31,129.1,527,135,36,25.6,6.8,58,59,6,8,4.04,23,87.8,30.5,7.7,35.3,76.35521046,93.71216957,26.8,52.4,35
"Marinaccio, Ron",676760,45,47.1,205,56,27,27.3,13.2,21,24,4,5,3.99,0,88.6,42.1,11.4,36.8,76.60798982,94.55151491,28.2,46.8,39.5
"Winn, Keaton",676775,9,42.1,172,35,8,20.3,4.7,22,22,1,3,4.68,5,92.4,26.8,10.6,48,83.09906817,95.59938681,30.7,52.7,59.3
"Nardi, Andrew",677053,63,57.1,237,73,21,30.8,8.9,17,18,8,1,2.67,0,84.6,30.2,6.5,27.3,72.23922397,92.48397507,28.5,50.6,45.3
"Garcia, Luis",677651,6,27,115,31,10,27,8.7,12,12,2,2,4,6,86.8,32.9,6.8,32.9,75.33696056,93.17347208,31,49.9,27.4
"Bruihl, Justin",677865,27,28,121,22,11,18.2,9.1,17,18,1,0,5.46,0,90.2,32.9,5.9,44.7,78.88923233,95.31623541,24.3,46.1,49.4
"Cecconi, Slade",677944,7,27,111,20,4,18,3.6,13,13,0,1,4.33,4,91,35.3,10.6,47.1,81.25328167,94.96563893,18.3,48.3,38.8
"Weathers, Ryan",677960,15,57.2,257,43,29,16.7,11.3,42,44,1,8,6.55,12,89.2,33.7,7.6,34.8,78.82338867,93.97086889,23.6,43.9,38
"Kerr, Ray",678061,22,27,114,35,9,30.7,7.9,13,15,1,1,4.33,0,87.8,39.1,11.6,46.4,74.25869088,94.82085853,32.2,47.3,40.6
"Bello, Brayan",678394,28,157,668,132,45,19.8,6.7,74,77,12,11,4.24,28,89.5,28,7,44.3,78.00724417,94.76008503,24.4,48.4,56.3
"Ferrer, Jose A.",678606,39,34,142,25,13,17.6,9.2,19,19,3,0,5.03,0,87.8,29.1,2.9,36.9,76.21207667,93.71634745,17.9,47,55.3
"Marsh, Alec",679525,17,74.1,342,85,39,24.9,11.4,47,50,3,9,5.69,8,89.7,40.4,9.6,41.8,79.17479794,94.34682931,29.5,45.5,36.1
"Rodriguez, Grayson",680570,23,122,515,129,42,25,8.2,59,62,7,4,4.35,23,89.8,33.4,7.3,43.7,79.61343345,94.42256285,26.3,50.4,46.9
"Gray, Josiah",680686,30,159,698,143,80,20.5,11.5,69,72,8,13,3.91,30,87.6,35,9.4,36.7,75.91230901,93.71081269,26.1,46.4,38
"Bradish, Kyle",680694,30,168.2,671,168,44,25,6.6,53,54,12,7,2.83,30,90,33.3,6.9,42,80.02399938,94.26840016,25.9,45.8,49.1
"Sandlin, Nick",680704,61,60,239,66,24,27.6,10,25,28,5,5,3.75,0,86.7,25.9,10.2,40.1,73.29521806,94.24311465,32,46.5,42.2
"Rom, Drew",680723,8,33.2,170,32,19,18.8,11.2,30,34,1,4,8.02,8,91.3,37,12.6,45.4,80.75474067,95.46333689,18.1,43.7,39.5
"Cox, Austin",680735,24,35.2,149,33,17,22.1,11.4,18,20,0,1,4.54,3,90.5,35.1,7.2,42.3,81.17164646,94.25856094,27.8,44.1,37.1
"Winder, Josh",680739,19,34.2,147,28,14,19,9.5,16,16,2,1,4.15,0,91,32.4,8.6,43.8,80.75892377,95.21828086,20.3,48.5,41
"Vásquez, Randy",681190,11,37.2,166,33,18,19.9,10.8,12,12,2,2,2.87,5,86.9,36.4,6.4,38.2,74.03822709,93.94495551,17.9,46,37.3
"Silseth, Chase",681217,16,52.1,221,56,26,25.3,11.8,23,26,4,1,3.96,8,88.7,35,10.2,42.3,77.22465783,94.36468577,27.4,44,48.9
"Varland, Gus",681402,16,20.1,103,20,16,19.4,15.5,15,18,1,1,6.64,0,93.7,34.8,10.6,57.6,85.36151606,96.4218,26.2,45.4,50
"Wantz, Andrew",681806,27,39.1,160,33,15,20.6,9.4,17,18,2,0,3.89,3,85.1,28.8,8.1,31.5,72.35970554,93.09052153,26.3,48.5,30.6
"Olson, Reese",681857,21,103.2,422,103,33,24.4,7.8,46,49,5,7,3.99,18,90.8,36.1,10.9,42.8,80.26090937,95.12316401,27.4,46.3,42.1
"Criswell, Cooper",681867,10,33,151,27,11,17.9,7.3,21,23,1,1,5.73,0,87.1,38.5,5.5,33,75.73877222,93.32552889,17.7,45.8,43.1
"Selby, Colin",681882,21,24,114,30,15,26.3,13.2,24,24,2,2,9,5,88.1,27.5,10.1,42,75.19700471,94.5642975,29.2,42.3,49.3
"Vesia, Alex",681911,56,49.2,217,64,17,29.5,7.8,24,27,2,5,4.35,1,92.1,30.6,8.2,42.5,82.57136227,95.23066371,30.3,50.8,29.1
"Anderson, Grant",681982,26,35.2,154,30,14,19.5,9.1,20,20,2,1,5.05,0,86.7,33,8.3,34.9,74.24859259,93.5872712,21.4,44.5,45.9
"Herrin, Tim",682120,23,27.2,121,32,12,26.4,9.9,17,18,1,1,5.53,0,87.8,34.7,6.7,37.3,77.06899306,93.58308028,26.9,47.5,46.7
"Jacques, Joe",682175,23,26.2,122,20,10,16.4,8.2,15,17,2,1,5.06,1,88.9,22.1,3.5,45.3,76.4580831,94.97090738,17.9,39.7,64
"Williamson, Brandon",682227,23,117,491,98,39,20,7.9,58,63,5,5,4.46,23,90.1,35.8,8.2,41.2,80.07337333,94.38452138,22.1,46.6,37.8
"Miller, Bryce",682243,25,131.1,537,119,26,22.2,4.8,63,64,8,7,4.32,25,90.7,38.7,10.9,42.1,80.53381937,94.75094644,24.1,52.8,34.5
"Uribe, Abner",682842,32,30.2,127,39,20,30.7,15.7,6,8,1,0,1.76,0,89.7,25.4,6,43.3,79.0023303,94.59769631,32.9,40.5,53.7
"Ortiz, Luis",682847,18,86.2,400,59,48,14.8,12,46,50,5,5,4.78,15,92.4,31.6,10,49.1,82.46899764,95.88325434,22.6,45.5,48.5
"Priester, Quinn",682990,10,50,234,36,27,15.4,11.5,43,43,3,3,7.74,8,89.7,32.1,8.3,47,77.78910193,95.15459723,23.3,44.6,53
"Gaddis, Hunter",683769,11,42,182,24,14,13.2,7.7,21,21,2,1,4.5,7,89.3,35,5.7,35,79.70261957,93.7476513,17.1,47.8,27.1
"Battenfield, Peyton",685410,7,34.2,146,27,12,18.5,8.2,20,22,0,5,5.19,6,93.5,36.4,14,50.5,85.02068833,95.86235757,24.7,49.9,42.1
"Sheehan, Emmet",686218,13,60.1,248,64,26,25.8,10.5,33,33,4,1,4.92,11,89.7,34.4,10.8,42,79.76293317,93.98612446,29.4,51.5,33.1
"Willingham, Amos",686294,18,24.1,116,15,9,12.9,7.8,18,18,0,2,6.66,0,92.5,35.2,12.1,52.7,83.61336578,95.61031944,21.3,47.9,35.2
"Waldichuk, Ken",686610,35,141,639,132,71,20.7,11.1,84,93,4,9,5.36,22,88.3,34.7,7.7,38.5,77.10348882,93.79839827,25.1,47.5,41.1
"Brown, Hunter",686613,31,155.2,665,178,55,26.8,8.3,88,94,11,13,5.09,29,90.8,30,10.9,44.4,80.71069057,94.87246225,24.8,46.4,52.2
"La Sorsa, Joe",686747,25,32.2,145,28,9,19.3,6.2,16,16,1,0,4.41,0,85.7,33.3,2,30.4,74.84588059,92.3742099,22.1,46.9,41.2
"Pepiot, Ryan",686752,8,42,159,38,5,23.9,3.1,10,10,2,1,2.14,3,86.7,31.9,8.8,27.4,75.62650273,93.03678679,27.9,50.5,38.1
"Jameson, Drey",686753,15,40.2,174,37,18,21.3,10.3,15,15,3,1,3.32,3,92,33.9,13.6,47.5,81.97254814,95.56807076,30,46,46.6
"White, Brendan",686839,33,40.2,177,44,15,24.9,8.5,23,25,2,3,5.09,2,90.3,33.6,7.1,41.7,79.90483472,94.84211293,29.2,48.3,51.3
"Varland, Louie",686973,17,68,283,71,17,25.1,6,35,35,4,3,4.63,10,91,32,10.8,43.8,80.61709979,94.96514552,25.9,53.8,45.4
"Kelly, Kevin",687330,57,67,276,56,15,20.3,5.4,23,27,5,2,3.09,0,87,32.3,3.6,32.8,75.74672633,93.19039585,22.2,44.7,48.2
"Headrick, Brent",687396,14,25.2,117,30,10,25.6,8.5,18,18,3,0,6.31,0,90.7,47.9,15.1,42.5,80.82138028,94.40767069,24.8,48.2,19.2
"Robertson, Nick",687798,18,22.1,106,26,9,24.5,8.5,15,19,0,1,6.04,1,90.4,35.7,8.6,47.1,79.42648514,95.07036857,29.8,50.5,47.1
"Walter, Brandon",687888,9,23,106,16,7,15.1,6.6,16,17,0,0,6.26,0,85.9,28,7.3,24.4,75.02988732,92.35607329,16,49.6,42.7
"Brieske, Beau",689225,25,35,152,31,12,20.4,7.9,14,14,2,3,3.6,1,87.2,32.1,5.5,32.4,75.47592385,93.54840317,21.9,49.5,43.1
"Dodd, Dylan",689266,7,34.1,164,15,12,9.1,7.3,29,29,2,2,7.6,7,92.6,38.2,12.5,46.3,82.42490265,95.94211141,18.3,53.9,36
"Harrison, Kyle",690986,7,34.2,147,35,11,23.8,7.5,16,19,1,1,4.15,7,89.4,42.3,9.3,38.1,79.6523698,93.85453845,23.6,46.1,27.8
"Pérez, Eury",691587,19,91.1,374,108,31,28.9,8.3,32,35,5,6,3.15,19,89.8,36.1,10.7,40.3,79.35059825,94.44312828,33.7,49.9,27.5
"Woo, Bryan",693433,18,87.2,371,93,31,25.1,8.4,41,44,4,5,4.21,18,87.4,32.5,6.3,33.8,76.28312017,93.34225772,28.1,50.9,40.8
"Elder, Bryce",693821,31,174.2,732,128,63,17.5,8.6,74,79,12,4,3.81,31,89.9,32,6,41,79.50245455,94.39894727,23.5,46.3,50.6
"Palencia, Daniel",694037,27,28.1,119,33,14,27.7,11.8,14,16,5,3,4.45,0,91.4,34.3,7.1,47.1,81.62804588,95.29826746,30.8,48,37.1
"Pfaadt, Brandon",694297,19,96,421,94,26,22.3,6.2,61,63,3,9,5.72,18,90.1,37.2,11.7,44,79.56269168,94.72817381,25,49.3,32.6
"Shuster, Jared",694363,11,52.2,230,30,26,13,11.3,34,34,4,3,5.81,11,89.4,34.7,6.9,38.7,78.88197119,94.19775161,21.6,45.6,35.8
"Stone, Gavin",694813,8,31,152,22,13,14.5,8.6,31,32,1,1,9,4,88.5,38.3,8.7,37.4,77.32263036,93.90618652,30.9,50.8,47
"Miller, Mason",695243,10,33.1,139,38,16,27.3,11.5,14,15,0,3,3.78,6,89.2,35.4,3.7,34.1,80.71864927,93.00596309,26.2,46.3,25.6
"Wicks, Jordan",696136,7,34.2,147,24,11,16.3,7.5,17,17,4,1,4.41,7,88.1,30.4,6.3,33,78.13865546,93.11225991,23.3,46.3,50
"Smith-Shawver, AJ",700363,6,25.1,105,20,11,19,10.5,12,14,1,0,4.26,5,90.3,30.1,9.6,35.6,81.67175243,93.72093151,21.8,45.4,37
"Hartwig, Grant",701643,28,35.1,158,30,15,19,9.5,19,23,5,2,4.84,0,87.1,34.6,6.5,36.4,75.32439642,93.47336264,20.5,42.7,48.6