Name,W,L,ERA,IP,H,R,ER,HR,BB,SO,HBP,BF,FIP,WHIP
Miles Mikolas,9,13,4.78,201.1,226,110,107,26,39,137,8,860,4.27,1.316
Logan Webb,11,13,3.25,216,201,83,78,20,31,194,5,850,3.16,1.074
Zac Gallen,17,9,3.47,210,188,87,81,22,47,220,5,846,3.26,1.119
Chris Bassitt,16,8,3.6,200,176,88,80,28,59,186,12,826,4.28,1.175
Mitch Keller,13,9,4.21,194.1,187,97,91,25,55,210,12,825,3.8,1.245
Gerrit Cole,15,4,2.63,209,157,64,61,20,48,222,7,821,3.16,0.981
Lance Lynn,13,11,5.73,183.2,189,127,117,44,67,191,9,808,5.53,1.394
Framber Valdez*,12,11,3.45,198,166,86,76,19,57,200,10,808,3.5,1.126
Kyle Gibson,15,9,4.73,192,198,101,101,23,55,157,6,807,4.13,1.318
Luis Castillo,14,9,3.34,197,160,81,73,28,56,219,5,802,3.81,1.096
Pablo López,11,8,3.66,194,176,81,79,24,48,234,9,801,3.33,1.155
Lucas Giolito,8,15,4.88,184.1,169,110,100,41,73,204,9,794,5.27,1.313
Aaron Nola,12,9,4.46,193.2,178,105,96,32,45,202,1,793,4.03,1.151
Patrick Corbin*,10,15,5.2,180,210,113,104,33,57,124,4,790,5.28,1.483
Zack Wheeler,13,6,3.61,192,168,82,77,20,39,212,9,787,3.15,1.078
Corbin Burnes,10,8,3.39,193.2,141,77,73,22,66,200,8,784,3.81,1.069
Dylan Cease,7,9,4.58,177,172,98,90,19,79,214,9,784,3.72,1.418
José Berríos,11,12,3.65,189.2,173,82,77,25,52,184,9,782,3.99,1.186
Johan Oviedo,9,14,4.31,177.2,161,91,85,19,83,158,13,781,4.49,1.373
Jordan Montgomery*,10,11,3.2,188.2,177,75,67,18,48,166,4,777,3.56,1.193
Logan Gilbert,13,7,3.73,190.2,169,82,79,29,36,189,2,770,3.85,1.075
LgAvg per 180 IP,10,10,4.37,180,171,95,87,25,67,175,9,770,4.36,1.321
Kevin Gausman,12,9,3.16,185,163,72,65,19,55,237,3,763,2.97,1.178
Spencer Strider,20,5,3.86,186.2,146,85,80,22,58,281,9,763,2.85,1.093
Sandy Alcántara,7,12,4.14,184.2,176,91,85,22,48,151,5,762,4.03,1.213
George Kirby,13,10,3.35,190.2,179,74,71,22,19,172,6,757,3.34,1.038
Sonny Gray,8,8,2.79,184,156,59,57,8,55,183,6,754,2.83,1.147
Jordan Lyles,6,17,6.28,177.2,176,130,124,39,45,120,6,748,5.62,1.244
Blake Snell*,14,9,2.25,180,115,47,45,15,99,234,3,742,3.44,1.189
Jesús Luzardo*,10,10,3.58,178.2,162,79,71,22,55,208,6,741,3.55,1.215
Dean Kremer,13,5,4.12,172.2,171,85,79,27,55,157,5,735,4.51,1.309
JP Sears*,5,14,4.54,172.1,165,90,87,34,53,161,16,735,5.15,1.265
Taijuan Walker,15,6,4.38,172.2,155,87,84,20,71,138,8,733,4.53,1.309
Bryce Elder,12,4,3.81,174.2,160,79,74,19,63,128,8,732,4.42,1.277
Dane Dunning,12,7,3.7,172.2,163,73,71,20,55,140,10,722,4.27,1.263
Merrill Kelly,12,8,3.29,177.2,143,71,65,20,69,187,4,722,3.85,1.193
Charlie Morton,14,12,3.64,163.1,150,70,66,14,83,183,12,716,3.87,1.427
Justin Steele*,16,5,3.06,173.1,167,71,59,14,36,176,7,716,3.02,1.171
Zach Eflin,16,8,3.5,177.2,158,69,69,19,24,186,3,703,3.01,1.024
Brady Singer,8,11,5.52,159.2,182,102,98,20,49,133,8,702,4.29,1.447
Yusei Kikuchi*,11,6,3.86,167.2,165,78,72,27,48,181,4,700,4.12,1.27
Josiah Gray,8,13,3.91,159,152,72,69,22,80,143,9,698,4.93,1.459
Clarke Schmidt,9,9,4.64,159,169,91,82,24,46,149,11,694,4.42,1.352
Kodai Senga,12,7,2.98,166.1,126,60,55,17,77,202,5,694,3.63,1.22
Cristian Javier,10,5,4.56,162,143,85,82,25,62,159,7,687,4.58,1.265
Freddy Peralta,12,10,3.86,165.2,131,77,71,26,54,210,6,680,3.85,1.117
Kyle Freeland*,6,14,5.03,155.2,187,96,87,29,42,94,1,677,5.3,1.471
Joe Ryan,11,10,4.51,161.2,155,83,81,32,34,197,6,672,4.13,1.169
Kyle Bradish,12,7,2.83,168.2,132,54,53,14,44,168,8,671,3.27,1.043
Justin Verlander,13,8,3.22,162.1,139,63,58,18,45,144,5,669,3.85,1.133
Brayan Bello,12,11,4.24,157,165,77,74,24,45,132,6,668,4.54,1.338
Hunter Brown,11,13,5.09,155.2,157,94,88,26,55,178,9,665,4.37,1.362
Rich Hill*,8,14,5.41,146.1,165,98,88,23,58,129,7,660,4.87,1.524
Braxton Garrett*,9,7,3.66,159.2,154,68,65,20,29,156,11,659,3.68,1.146
Trevor Williams,6,10,5.55,144.1,178,97,89,34,53,111,5,659,5.98,1.6
Jon Gray,9,8,4.12,157.1,149,75,72,22,54,142,9,656,4.47,1.29
Jameson Taillon,8,10,4.84,154.1,156,96,83,27,41,140,5,655,4.61,1.276
Patrick Sandoval*,7,13,4.11,144.2,145,89,66,12,74,128,4,652,4.18,1.514
Jack Flaherty,8,9,4.99,144.1,162,83,80,17,66,148,12,650,4.36,1.58
Alex Cobb,7,7,3.87,151.1,163,69,65,19,37,131,6,646,4.01,1.322
Reid Detmers*,4,10,4.48,148.2,141,81,74,19,60,168,13,644,4.13,1.352
Andrew Heaney*,10,6,4.15,147.1,143,74,68,23,60,151,10,641,4.66,1.378
Ken Waldichuk*,4,9,5.36,141,149,93,84,24,71,132,9,639,5.3,1.56
Tyler Anderson*,6,6,5.43,141,146,90,85,20,64,119,7,629,4.92,1.489
Drew Smyly*,11,11,5,142.1,147,89,79,26,56,141,6,626,4.96,1.426
Graham Ashcraft,7,9,4.76,145.2,148,78,77,23,52,111,10,624,5.06,1.373
Michael Lorenzen,9,9,4.18,153,138,76,71,20,47,111,2,624,4.46,1.209
Eduardo Rodríguez*,13,9,3.3,152.2,128,59,56,15,48,143,3,621,3.66,1.153
Max Scherzer,13,6,3.77,152.2,126,65,64,28,45,174,4,621,4.32,1.12
Ryne Nelson,8,8,5.31,144,159,87,85,24,46,96,1,619,5.07,1.424
Martín Pérez*,10,4,4.45,141.2,150,74,70,21,49,93,4,608,4.99,1.405
Seth Lugo,8,7,3.57,146.1,140,62,58,19,36,140,3,604,3.83,1.203
Austin Gomber*,9,9,5.5,139,164,88,85,26,43,87,3,603,5.43,1.489
Zack Greinke,2,15,5.06,142.1,158,82,80,25,23,97,4,593,4.74,1.272
Michael Kopech,5,12,5.43,129.1,115,80,78,29,91,134,11,591,6.46,1.593
Nick Pivetta,10,9,4.04,142.2,110,69,64,23,50,183,6,587,3.96,1.121
Tanner Bibee,10,4,2.98,142,122,49,47,13,45,141,5,585,3.52,1.176
MacKenzie Gore*,7,10,4.42,136.1,134,71,67,27,57,151,1,582,4.89,1.401
J.P. France,11,6,3.83,136.1,138,64,58,19,47,101,2,581,4.66,1.357
Kyle Hendricks,6,8,3.74,137,138,68,57,13,27,93,4,578,3.81,1.204
Nathan Eovaldi,12,5,3.63,144,117,59,58,15,47,132,6,577,3.88,1.139
Bailey Ober,8,6,3.43,144.1,125,58,55,22,29,146,7,577,3.96,1.067
Marcus Stroman,10,9,3.95,136.2,120,68,60,9,52,119,3,575,3.58,1.259
Yu Darvish,8,10,4.56,136.1,134,71,69,18,43,141,8,574,4.03,1.298
Tylor Megill,9,8,4.7,126.1,141,76,66,18,58,105,6,567,4.96,1.575
Luke Weaver,3,6,6.4,123.2,155,90,88,29,40,109,4,563,5.61,1.577
Michael Wacha,14,4,3.22,134.1,113,49,48,15,43,124,3,553,3.89,1.161
Mike Clevinger,9,9,3.77,131.1,121,56,55,16,40,110,9,549,4.28,1.226
Ranger Suárez*,4,6,4.18,125,129,59,58,13,48,119,2,540,3.9,1.416
Logan Allen*,7,8,3.81,125.1,127,55,53,16,48,119,1,537,4.19,1.396
Bryce Miller,8,7,4.32,131.1,124,64,63,18,26,119,7,537,3.98,1.142
Griffin Canning,7,8,4.32,127,121,62,61,22,36,139,5,536,4.29,1.236
Shane Bieber,6,6,3.8,128,124,56,54,14,34,107,3,533,3.87,1.234
Shohei Ohtani,10,5,3.14,132,85,50,46,18,55,167,11,531,4,1.061
Jake Irvin,3,7,4.61,121,118,66,62,20,54,99,8,530,5.3,1.421
Kutter Crawford,6,8,4.04,129.1,107,59,58,17,36,135,5,527,3.83,1.106
Clayton Kershaw*,13,5,2.46,131.2,100,39,36,19,40,137,3,523,4.03,1.063
Colin Rea,6,6,4.55,124.2,110,65,63,23,38,110,4,517,4.9,1.187
Grayson Rodriguez,7,4,4.35,122,121,62,59,16,42,129,2,515,3.93,1.336
Bobby Miller,11,4,3.76,124.1,105,53,52,12,32,119,6,505,3.51,1.102
Aaron Civale,7,5,3.46,122.1,109,47,47,12,33,116,5,504,3.57,1.161
Sean Manaea*,7,6,4.44,117.2,104,68,58,14,42,128,8,499,3.9,1.241
Hunter Greene,4,7,4.82,112,111,65,60,19,48,152,8,498,4.25,1.42
Luis Medina,3,10,5.42,109.2,109,73,66,14,57,106,8,495,4.76,1.514
David Peterson*,3,8,5.03,111,124,64,62,16,50,128,6,492,4.34,1.568
Joey Wentz*,3,13,6.9,105.2,131,87,81,25,47,98,0,492,5.81,1.685
Brandon Williamson*,5,5,4.46,117,111,63,58,18,39,98,2,491,4.63,1.282
Wade Miley*,9,4,3.14,120.1,99,44,42,16,38,79,3,490,4.69,1.139
Tyler Glasnow,10,7,3.53,120,93,52,47,13,37,162,1,485,2.91,1.083
Adam Wainwright,5,11,7.4,101,151,89,83,20,41,55,1,484,5.99,1.901
Julio Urías*,11,8,4.6,117.1,112,61,60,24,24,117,6,482,4.69,1.159
Adrian Houser,8,5,4.12,111.1,121,56,51,13,34,96,1,481,3.99,1.392
Tyler Wells,7,6,3.64,118.2,83,50,48,25,34,117,4,470,4.98,0.986
Shane McClanahan*,11,2,3.29,115,95,42,42,15,41,121,0,469,3.92,1.183
Chris Flexen,2,8,6.86,102.1,133,81,78,25,38,74,4,466,6.22,1.671
Paul Blackburn,4,7,4.43,103.2,117,54,51,11,43,104,3,464,3.96,1.543
Tanner Houck,6,10,5.01,106,104,61,59,14,41,99,6,463,4.43,1.368
Nick Martinez,6,4,3.43,110.1,99,45,42,12,40,106,3,461,3.92,1.26
Taj Bradley,5,8,5.59,104.2,106,69,65,23,39,129,1,460,4.79,1.385
Andrew Abbott*,8,6,3.87,109.1,100,47,47,16,44,120,1,459,4.2,1.317
Javier Assad,5,3,3.05,109.1,93,38,37,13,41,94,3,449,4.29,1.226
Steven Matz*,4,7,3.86,105,108,48,45,11,32,98,3,449,3.75,1.333
Domingo Germán,5,7,4.56,108.2,83,61,55,20,34,114,6,444,4.65,1.077
Cal Quantrill,4,7,5.24,99.2,111,59,58,11,35,58,7,444,4.79,1.465
Tony Gonsolin,8,5,4.98,103,86,61,57,19,40,82,7,435,5.43,1.223
Edward Cabrera,7,7,4.24,99.2,78,48,47,11,66,118,4,434,4.43,1.445
Michael King,4,8,2.75,104.2,88,35,32,10,32,127,5,431,3.13,1.146
Alex Wood*,5,5,4.33,97.2,98,52,47,9,42,74,8,429,4.47,1.433
Kenta Maeda,6,8,4.23,104.1,94,50,49,17,28,117,3,428,4.02,1.169
Chris Sale*,6,5,4.3,102.2,87,52,49,15,29,125,8,425,3.8,1.13
Reese Olson,5,7,3.99,103.2,83,49,46,14,33,103,1,422,4.01,1.119
Brandon Pfaadt,3,9,5.72,96,109,63,61,22,26,94,3,421,5.18,1.406
Anthony DeSclafani,4,8,4.88,99.2,105,59,54,15,20,79,4,419,4.35,1.254
Carlos Carrasco,3,8,6.8,90,115,71,68,18,38,66,6,417,5.86,1.7
Luis Severino,4,8,6.65,89.1,113,73,66,23,34,79,5,417,6.14,1.646
Alek Manoah,3,9,5.87,87.1,93,61,57,15,59,79,9,415,6.01,1.74
James Paxton*,7,5,4.5,96,93,51,48,18,33,101,2,411,4.68,1.313
Connor Seabold,1,7,7.52,87.1,116,76,73,19,28,67,7,408,5.75,1.649
Xzavion Curry,3,4,4.07,95,98,47,43,12,30,67,2,404,4.5,1.347
Luis Ortiz,5,5,4.78,86.2,99,50,46,13,48,59,2,400,5.57,1.696
Joe Musgrove,10,3,3.05,97.1,90,35,33,10,21,97,9,399,3.52,1.14
Cristopher Sánchez*,3,5,3.44,99.1,88,44,38,16,16,96,3,396,3.99,1.047
Cole Ragans*,7,5,3.47,96,70,40,37,7,41,113,2,392,3.19,1.156
Noah Syndergaard,2,6,6.5,88.2,104,65,64,22,19,56,10,391,6.2,1.387
Touki Toussaint,4,7,4.97,87,69,48,48,10,57,85,7,384,5,1.448
Ben Lively,4,7,5.38,88.2,96,53,53,20,25,79,3,383,5.35,1.365
Jake Bird,3,3,4.33,89.1,94,47,43,6,27,77,7,381,3.55,1.354
Tommy Henry*,5,4,4.15,89,86,42,41,12,35,64,4,381,4.88,1.36
Ross Stripling,0,5,5.36,89,104,54,53,20,16,70,2,381,5.21,1.348
Zack Littell,3,6,4.1,90,94,43,41,13,12,74,4,379,4.02,1.178
Hayden Wesneski,3,5,4.63,89.1,82,50,46,20,32,83,3,379,5.48,1.276
Zach Davies,2,5,7,82.1,98,67,64,10,39,72,2,377,4.58,1.664
Jesse Scholtens,1,9,5.29,85,100,54,50,15,30,58,2,377,5.31,1.529
Ryan Yarbrough*,8,7,4.52,89.2,96,45,45,13,14,67,8,377,4.38,1.227
Peter Lambert,3,7,5.36,87.1,93,54,52,18,28,71,5,375,5.44,1.385
Eury Pérez,5,6,3.15,91.1,72,35,32,15,31,108,2,374,4.11,1.128
Chase Anderson,1,6,5.42,86.1,90,53,52,17,33,64,7,372,5.72,1.425
Jhony Brito,9,7,4.28,90.1,82,47,43,14,28,72,4,372,4.74,1.218
Kyle Muller*,1,5,7.6,77,112,65,65,16,39,56,3,372,6.14,1.961
Bryan Woo,4,5,4.21,87.2,75,44,41,13,31,93,7,371,4.36,1.209
Yonny Chirinos,5,5,5.4,85,91,53,51,15,27,53,5,367,5.43,1.388
Jakob Junis,4,3,3.87,86,90,42,37,12,21,96,5,367,3.74,1.291
Josh Winckowski,4,4,2.88,84.1,89,34,27,9,31,82,3,367,3.91,1.423
Jaime Barria,2,6,5.68,82.1,91,63,52,20,30,62,2,362,6.07,1.47
Shintaro Fujinami,7,8,7.18,79,73,65,63,9,45,83,7,357,4.61,1.494
Tristan Beck,3,3,3.92,85,83,40,37,10,21,68,2,354,4,1.224
Dakota Hudson,6,3,4.98,81.1,88,46,45,9,34,45,6,354,5.06,1.5
Brandon Bielak,5,6,3.83,80,86,43,34,12,36,62,5,353,5.19,1.525
Ty Blach*,3,3,5.54,78,104,51,48,15,24,50,6,352,5.63,1.641
Matt Strahm*,9,5,3.29,87.2,68,34,32,11,21,108,3,351,3.24,1.015
Bailey Falter*,2,9,5.36,80.2,94,55,48,17,20,60,0,347,5.25,1.413
Gavin Williams,3,5,3.29,82,66,32,30,8,37,81,4,345,4.05,1.256
Alec Marsh,3,9,5.69,74.1,77,50,47,16,39,85,9,342,5.7,1.561
Chris Stratton,2,1,3.92,82.2,69,39,36,8,25,81,2,338,3.53,1.137
Cole Irvin*,1,4,4.42,77.1,78,42,38,11,21,68,7,336,4.43,1.28
Justin Lawrence,4,7,3.72,75,65,37,31,5,36,78,7,326,3.76,1.347
Michael Tonkin,7,3,4.28,80,64,41,38,13,23,75,2,325,4.43,1.088
Tyler Holton*,3,2,2.11,85.1,56,21,20,9,18,74,1,324,3.56,0.867
Jose Quintana*,3,6,3.57,75.2,75,33,30,5,24,60,1,319,3.52,1.308
Ian Gibaut,8,4,3.33,75.2,69,33,28,8,28,69,4,318,4.07,1.282
Matt Manning,5,4,3.58,78,60,37,31,11,21,50,5,316,4.81,1.038
Trevor Richards,2,1,4.95,72.2,63,41,40,13,35,105,2,315,4.22,1.349
Bryse Wilson,6,0,2.58,76.2,60,26,22,9,22,61,2,314,4.13,1.07
Max Fried*,8,1,2.55,77.2,70,24,22,7,18,80,2,311,3.14,1.133
Tarik Skubal*,7,3,2.8,80.1,58,28,25,4,14,102,3,310,2,0.896
Buck Farmer,4,5,4.2,75,58,36,35,11,29,70,4,309,4.62,1.16
Tyler Rogers,4,5,3.04,74,66,27,25,7,19,60,3,309,3.76,1.149
Matt Brash,9,4,3.06,70.2,65,26,24,3,29,107,6,308,2.26,1.33
Tanner Scott*,9,5,2.31,78,53,22,20,3,24,104,4,307,2.17,0.987
Phil Bickford,5,5,4.95,67.1,59,41,37,8,39,76,4,304,4.46,1.455
Bryan Hoeing,2,3,5.48,70.2,71,45,43,13,25,53,2,304,5.29,1.358
Garrett Whitlock,5,5,5.15,71.2,82,43,41,13,13,72,3,304,4.27,1.326
Matthew Boyd*,5,5,5.45,71,69,46,43,11,25,73,2,303,4.35,1.324
Julian Merryweather,5,1,3.38,72,58,28,27,8,36,98,1,303,3.52,1.306
Emmanuel Clase,3,9,3.22,72.2,68,37,26,4,16,64,1,302,2.91,1.156
Roansy Contreras,3,7,6.59,68.1,75,50,50,11,32,55,1,302,5.19,1.566
Michael Grove,2,3,6.13,69,83,47,47,12,19,73,3,302,4.36,1.478
Andre Pallante,4,1,4.76,68,76,37,36,6,30,43,3,302,4.59,1.559
Scott McGough,2,7,4.73,70.1,60,40,37,14,30,86,2,301,4.76,1.28
Carlos Hernández,1,10,5.27,70,62,43,41,10,31,77,1,300,4.28,1.329
Scott Barlow,2,6,4.37,68,61,39,33,4,34,79,5,299,3.42,1.397
Eli Morgan,5,2,4.01,67.1,73,37,30,9,24,75,1,299,3.88,1.441
Rafael Montero,3,3,5.08,67.1,74,40,38,11,29,79,3,298,4.46,1.53
Trevor Stephan,7,7,4.06,68.2,63,35,31,6,26,75,5,294,3.56,1.296
José Cuas,3,2,3.99,65.1,63,30,29,8,35,71,7,292,4.6,1.5
Brent Suter*,4,3,3.38,69.1,65,36,26,3,25,55,3,292,3.44,1.298
Gregory Santos,2,2,3.39,66.1,69,29,25,2,17,66,5,289,2.65,1.296
Kyle Finnegan,7,5,3.76,69.1,66,33,29,11,24,63,1,288,4.58,1.298
Alex Lange,7,5,3.68,66,43,30,27,6,45,79,6,288,4.36,1.333
Julio Teheran,3,5,4.4,71.2,68,36,35,13,13,50,4,288,4.93,1.13
Bryan Abreu,3,2,1.75,72,44,17,14,6,31,100,3,287,2.98,1.042
Joel Payamps,7,5,2.55,70.2,57,24,20,8,17,77,5,287,3.48,1.047
Zack Thompson*,5,7,4.48,66.1,69,35,33,8,25,72,2,287,3.87,1.417
Alexis Díaz,9,6,3.07,67.1,44,30,23,4,36,86,10,286,3.52,1.188
Carlos Rodón*,3,8,6.85,64.1,65,51,49,15,28,64,4,286,5.79,1.446
Jordan Hicks,3,9,3.29,65.2,57,30,24,4,32,81,4,285,3.22,1.355
Hogan Harris*,3,6,7.14,63,67,51,50,10,28,56,3,284,5.02,1.508
Yennier Cano,1,4,2.11,72.2,60,19,17,4,13,65,3,283,2.84,1.005
Louie Varland,4,3,4.63,68,66,35,35,16,17,71,1,283,5.02,1.221
Yimi García,3,4,4.09,66,67,35,30,8,15,79,6,282,3.39,1.242
Kendall Graveman,5,6,3.12,66.1,51,27,23,9,36,66,5,282,4.88,1.312
Camilo Doval,6,6,2.93,67.2,51,32,22,3,26,87,8,281,2.77,1.138
Carlos Estévez,5,5,3.9,62.1,62,34,27,7,31,78,5,281,3.94,1.492
James Kaprielian,2,6,6.34,61,66,45,43,9,31,57,5,280,5.07,1.59
Fernando Cruz,1,2,4.91,66,52,39,36,6,28,98,2,279,2.83,1.212
Justin Topa,5,4,2.61,69,61,26,20,4,18,61,3,279,3.15,1.145
Craig Kimbrel,8,6,3.26,69,44,28,25,10,28,94,4,278,3.81,1.043
Reynaldo López,3,7,3.27,66,50,25,24,8,34,83,1,278,3.91,1.273
David Bednar,3,3,2,67.1,53,22,15,3,21,80,3,277,2.53,1.099
Pierce Johnson,2,6,4.02,62.2,63,34,28,10,30,90,0,277,3.89,1.484
Jason Foley,3,3,2.61,69,65,21,20,2,15,55,1,276,2.73,1.159
Kevin Kelly,5,2,3.09,67,53,27,23,2,15,56,10,276,3.09,1.015
Matthew Liberatore*,3,6,5.25,61.2,66,42,36,5,25,46,5,275,4.28,1.476
José Urquidy,3,3,5.29,63,65,37,37,11,25,45,2,275,5.38,1.429
Griffin Jax,6,10,3.86,65.1,58,30,28,5,19,68,4,274,3.22,1.179
Phil Maton,4,3,3,66,49,27,22,6,25,74,9,274,3.74,1.121
Erasmo Ramírez,3,3,6.41,60.1,82,47,43,11,13,43,4,274,5.05,1.575
Mike Baumann,10,1,3.76,64.2,52,29,27,7,33,61,2,273,4.4,1.314
Héctor Neris,6,3,1.71,68.1,41,16,13,7,31,77,3,273,3.83,1.054
Emilio Pagán,5,2,2.99,69.1,45,26,23,5,21,65,1,273,3.27,0.952
Caleb Ferguson*,7,4,3.43,60.1,64,30,23,4,23,70,8,270,3.34,1.442
Mark Leiter Jr.,1,3,3.5,64.1,48,27,25,7,24,77,8,269,3.77,1.119
David Robertson,6,6,3.03,65.1,53,28,22,7,25,78,3,269,3.55,1.194
Albert Abreu,2,2,4.73,59,52,39,31,9,35,61,6,268,5.26,1.475
Miguel Castro,6,6,4.31,64.2,51,32,31,8,25,60,3,268,4.31,1.175
Collin McHugh,4,1,4.3,58.2,70,34,28,5,22,47,4,268,4.09,1.568
Sam Moll*,2,3,3.03,62.1,47,22,21,2,30,68,7,268,3.27,1.235
Ryan Pressly,4,5,3.58,65.1,54,33,26,8,16,74,1,268,3.36,1.071
Drew VerHagen,5,1,3.98,61,52,30,27,9,26,60,9,268,4.93,1.279
Aaron Bummer*,5,5,6.79,58.1,53,45,44,4,36,78,5,267,3.58,1.526
José Cisnero,3,4,5.31,59.1,63,39,35,10,25,70,5,267,4.6,1.483
Luis García,2,3,4.07,59.2,59,30,27,6,24,53,6,267,4.29,1.391
Taylor Clarke,3,6,5.95,59,71,42,39,12,24,65,3,266,5.07,1.61
Nestor Cortes*,5,2,4.97,63.1,59,36,35,11,20,67,3,266,4.49,1.247
Jorge López,6,2,5.95,59,67,42,39,12,22,49,8,266,5.76,1.508
Ryan Walker,5,3,3.23,61.1,61,25,22,8,24,78,2,263,3.68,1.386
Enyel De Los Santos,5,2,3.29,65.2,50,26,24,4,25,62,4,262,3.48,1.142
Alex Faedo,2,5,4.45,64.2,48,35,32,12,20,58,1,262,4.85,1.052
Clay Holmes,4,4,2.86,63,51,22,20,2,23,71,3,262,2.65,1.175
Erik Swanson,4,2,2.97,66.2,52,22,22,8,21,75,0,262,3.51,1.095
Trevor Gott,0,5,4.19,58,63,34,27,4,19,62,4,261,3.2,1.414
Adam Ottavino,1,7,3.21,61.2,46,24,22,7,29,62,8,261,4.52,1.216
A.J. Minter*,3,6,3.76,64.2,56,28,27,6,21,82,0,260,2.9,1.191
Lucas Sims,7,3,3.1,61,33,23,21,5,39,72,10,258,4.37,1.18
Huascar Brazobán,5,2,4.14,58.2,53,28,27,5,31,65,4,257,3.94,1.432
Brusdar Graterol,4,2,1.2,67.1,53,14,9,3,12,48,2,257,3.03,0.965
Andre Jackson,1,3,4.99,61.1,52,34,34,11,22,57,2,257,4.9,1.207
Corey Kluber,3,6,7.04,55,69,47,43,17,21,42,4,257,7.11,1.636
Ryan Weathers*,1,8,6.55,57.2,68,44,42,12,29,43,1,257,6.03,1.682
Tanner Banks*,1,4,4.43,61,59,32,30,10,16,51,4,255,4.7,1.23
Jhoan Durán,3,6,2.45,62.1,46,25,17,6,25,84,4,255,3.21,1.139
Kevin Ginkel,9,1,2.48,65.1,41,24,18,3,23,70,2,254,2.86,0.98
Kirby Yates,7,2,3.28,60.1,35,22,22,9,37,80,5,254,4.63,1.193
Adbert Alzolay,2,5,2.67,64,52,23,19,5,13,67,5,253,3.02,1.016
Mason Englert,4,3,5.46,56,67,39,34,12,17,41,2,253,5.59,1.5
Brandon Woodruff,5,1,2.28,67,40,17,17,9,15,74,3,253,3.6,0.821
Hoby Milner*,2,1,1.82,64.1,49,16,13,5,13,59,2,252,3.13,0.964
Elvis Peguero,4,5,3.38,61.1,49,25,23,4,26,54,4,252,3.81,1.223
Lucas Erceg,4,4,4.75,55,51,33,29,1,36,68,6,251,3.31,1.582
Brock Burke*,5,3,4.37,59.2,64,32,29,13,9,52,2,250,4.9,1.223
Gregory Soto*,3,4,4.62,60.1,47,34,31,6,22,65,2,250,3.59,1.144
Aroldis Chapman*,6,5,3.09,58.1,37,24,20,4,36,103,1,249,2.52,1.251
Paul Sewald,3,2,3.12,60.2,46,23,21,8,24,80,1,249,3.57,1.154
Dylan Floro,5,6,4.76,56.2,70,34,30,3,17,58,3,248,2.96,1.535
Jordan Romano,5,7,2.9,59,48,20,19,6,24,72,2,248,3.46,1.22
Emmet Sheehan,4,1,4.92,60.1,46,33,33,11,26,64,1,248,4.85,1.193
Steven Okert*,3,2,4.45,58.2,50,31,29,9,24,73,2,247,4.09,1.261
Cionel Pérez*,4,2,3.54,53.1,56,30,21,2,27,44,4,247,3.84,1.556
Colin Poche*,12,3,2.23,60.2,42,17,15,4,24,61,1,246,3.34,1.088
Drew Smith,4,6,4.15,56.1,50,31,26,7,29,60,5,244,4.55,1.402
Jake Diekman*,0,2,3.34,56.2,37,29,21,3,38,64,1,243,3.75,1.324
A.J. Puk*,7,5,3.97,56.2,54,29,25,10,13,78,2,242,3.59,1.182
Adrián Martinez,0,2,4.75,55,59,31,29,8,19,47,5,241,4.75,1.418
Joan Adon,2,4,6.45,51.2,60,37,37,8,24,48,3,240,4.98,1.626
Colin Holderman,0,3,3.86,56,55,25,24,4,20,58,2,240,3.29,1.339
Derek Law,4,6,3.6,55,50,24,22,6,26,45,3,240,4.62,1.382
Mason Thompson,4,4,5.5,54,62,35,33,4,22,44,4,240,4.03,1.556
Génesis Cabrera*,2,1,4.04,55.2,49,28,25,8,24,58,2,239,4.44,1.311
Ian Hamilton,3,2,2.64,58,45,19,17,2,26,69,3,239,2.82,1.224
Dauri Moreta,5,2,3.72,58,39,26,24,4,24,76,3,239,2.93,1.086
Kyle Nelson*,7,4,4.18,56,59,30,26,12,14,67,1,239,4.45,1.304
Nick Sandlin,5,5,3.75,60,38,28,25,12,24,66,2,239,4.96,1.033
Ryan Brasier,3,0,3.02,59.2,42,24,20,3,19,56,3,238,3.14,1.022
Joe Jiménez,0,3,3.04,56.1,51,22,19,9,14,73,2,238,3.59,1.154
Félix Bautista,8,2,1.48,61,30,14,10,4,26,110,2,237,1.88,0.918
Michael Fulmer,3,5,4.42,57,48,29,28,7,28,65,2,237,4.15,1.333
Andrew Nardi*,8,1,2.67,57.1,45,18,17,7,21,73,4,237,3.6,1.151
Osvaldo Bido,2,5,5.86,50.2,55,35,33,4,21,48,8,236,4.1,1.5
Tucker Davidson*,1,2,5.96,51.1,64,37,34,6,19,46,3,236,4.27,1.617
Brad Hand*,5,3,5.53,53.2,54,33,33,6,22,59,5,236,4.02,1.416
Brooks Raley*,1,2,2.8,54.2,44,19,17,4,25,61,6,236,3.68,1.262
Alex Young*,4,2,3.86,53.2,53,27,23,10,20,50,1,236,4.99,1.36
Hunter Harvey,4,4,2.82,60.2,44,21,19,7,13,67,2,235,3.29,0.94
Dominic Leone,1,3,4.67,54,49,28,28,14,28,54,2,235,6.29,1.426
Cody Bradford*,4,3,5.3,56,56,33,33,11,12,51,1,234,4.68,1.214
Brent Honeywell Jr.,2,4,4.82,52.1,53,29,28,10,23,45,5,234,5.62,1.452
Evan Phillips,2,4,2.05,61.1,38,19,14,6,13,66,3,234,3.16,0.832
Quinn Priester,3,3,7.74,50,58,43,43,12,27,36,3,234,6.74,1.7
José Leclerc,0,2,2.68,57,37,19,17,5,28,67,2,233,3.62,1.14
Daniel Bard,4,2,4.56,49.1,35,30,25,5,49,47,8,232,6.13,1.703
Jacob Webb,1,1,3.69,53.2,39,22,22,6,30,57,4,232,4.48,1.286
Jordan Weems,5,1,3.62,54.2,38,25,22,9,28,60,3,232,4.9,1.207
Josh Hader*,2,3,1.28,56.1,32,11,8,3,30,85,3,231,2.69,1.101
Raisel Iglesias,5,4,2.75,55.2,51,23,17,7,15,68,0,231,3.26,1.186
Aaron Loup*,2,3,6.1,48.2,65,37,33,6,20,45,2,231,4.36,1.747
Devin Williams,8,3,1.53,58.2,26,13,10,4,28,87,1,231,2.66,0.92
Jared Shuster*,4,3,5.81,52.2,53,34,34,7,26,30,1,230,5.38,1.5
Giovanny Gallegos,2,4,4.42,55,54,28,27,11,12,59,0,229,4.36,1.2
George Soriano,0,0,3.81,52,46,26,22,6,23,52,5,228,4.37,1.327
Wandy Peralta*,4,2,2.83,54,36,19,17,7,30,51,6,227,5.05,1.222
Ronel Blanco,2,1,4.5,52,49,29,26,12,28,52,2,226,5.99,1.481
Will Smith*,2,7,4.4,57.1,44,31,28,5,17,55,0,226,3.36,1.064
Andrew Chafin*,3,4,4.73,51.1,45,30,27,6,28,63,1,224,4.01,1.422
Seranthony Domínguez,5,5,3.78,50,48,25,21,7,22,48,6,224,4.84,1.4
Hyun Jin Ryu*,3,3,3.46,52,53,25,20,9,14,38,1,224,4.91,1.288
Sam Hentges*,3,2,3.61,52.1,53,24,21,2,18,56,0,223,2.64,1.357
Jose Hernandez*,1,3,4.97,50.2,47,30,28,9,22,62,1,223,4.48,1.362
Daniel Lynch IV*,3,4,4.64,52.1,50,29,27,9,16,34,1,223,5.17,1.261
Jason Adam,4,2,2.98,54.1,35,21,18,7,20,69,9,222,3.99,1.012
Jake Woodford,2,3,6.23,47.2,61,34,33,11,22,29,3,222,6.61,1.741
Josh Fleming*,2,0,4.7,51.2,56,29,27,9,19,25,0,221,5.66,1.452
Chase Silseth,4,1,3.96,52.1,41,26,23,9,26,56,2,221,4.96,1.28
Pedro Avila,2,2,3.22,50.1,43,23,18,3,25,54,5,220,3.67,1.351
Andrew Vasquez*,2,1,3.35,48.1,46,21,18,4,23,43,7,219,4.41,1.428
Steven Wilson,1,2,3.91,53,35,23,23,7,27,57,3,219,4.52,1.17
Johnny Cueto,1,4,6.02,52.1,51,36,35,17,15,39,3,218,7.02,1.261
Matt Moore*,5,1,2.56,52.2,46,16,15,7,15,60,3,218,3.73,1.158
Alex Vesia*,2,5,4.35,49.2,52,27,24,7,17,64,2,217,3.66,1.389
Brennan Bernardino*,2,1,3.2,50.2,48,19,18,4,18,58,6,216,3.41,1.303
Taylor Rogers*,6,4,3.83,51.2,39,27,22,6,25,64,3,216,3.91,1.239
Gabe Speier*,2,2,3.79,54.2,47,24,23,7,11,64,3,216,3.35,1.061
Marco Gonzales*,4,1,5.22,50,55,32,29,5,18,34,0,215,4.28,1.46
Tim Mayza*,3,1,1.52,53.1,50,10,9,2,15,53,0,215,2.6,1.219
Josh Sborz,6,7,5.5,52.1,43,33,32,8,17,66,1,215,3.75,1.146
Ryne Stanek,3,1,4.09,50.2,42,24,23,8,21,51,1,213,4.6,1.243
Keynan Middleton,2,2,3.38,50.2,40,20,19,8,23,64,1,212,4.2,1.243
Chris Murphy*,1,2,4.91,47.2,50,27,26,5,17,49,1,212,3.7,1.406
Brad Keller,3,4,4.57,45.1,42,26,23,3,45,31,3,211,5.92,1.919
Eric Lauer*,4,6,6.56,46.2,54,39,34,16,24,43,0,211,7.41,1.671
Andrés Muñoz,4,7,2.94,49,40,20,16,2,22,67,5,211,2.7,1.265
Danny Coulombe*,5,3,2.81,51.1,45,17,16,4,12,58,2,210,2.83,1.11
Scott Alexander*,7,3,4.66,48.1,55,30,25,2,11,31,1,208,3.26,1.366
Yency Almonte,3,2,5.06,48,43,30,27,6,24,49,4,208,4.59,1.396
Jeff Hoffman,5,2,2.41,52.1,29,16,14,3,19,69,2,208,2.57,0.917
Shawn Armstrong,1,0,1.38,52,36,12,8,2,11,54,4,207,2.54,0.904
Andrés Machado,4,1,5.22,50,53,29,29,12,13,43,1,207,5.5,1.32
José Ruiz,2,1,5.89,44.1,52,31,29,10,21,39,6,207,6.26,1.647
Tayler Saucedo*,3,2,3.59,47.2,41,20,19,2,23,43,6,207,3.82,1.343
Tom Cosgrove*,1,2,1.75,51.1,31,12,10,3,19,44,5,205,3.7,0.974
Ron Marinaccio,4,5,3.99,47.1,35,24,21,6,27,56,7,205,4.69,1.31
Trevor May,4,4,3.28,46.2,35,21,17,4,29,40,3,205,4.71,1.371
John Schreiber,2,1,3.86,46.2,41,22,20,6,25,53,4,204,4.52,1.414
José Ureña,0,7,6.45,44.2,50,37,32,13,22,29,1,203,7.28,1.612
Tim Hill*,1,4,5.48,44.1,59,36,27,7,14,26,6,202,5.49,1.647
Ryan Feltner,2,4,5.82,43.1,45,29,28,2,28,38,2,201,4.18,1.685
Robert Stephenson,3,4,3.1,52.1,30,20,18,8,16,77,0,201,3.22,0.879
Sam Long*,0,1,5.6,45,49,29,28,5,21,32,1,199,4.74,1.556
Chris Martin,4,1,1.05,51.1,45,6,6,2,8,46,0,199,2.44,1.032
Will Vest,2,1,2.98,48.1,40,18,16,3,13,56,0,199,2.55,1.097
Austin Pruitt,2,6,2.98,48.1,44,18,16,5,12,30,1,196,4.17,1.159
Joey Lucchesi*,4,0,2.89,46.2,44,17,15,4,17,32,2,195,4.22,1.307
Seth Martinez,2,3,5.23,43,45,29,25,5,19,45,6,195,4.42,1.488
Chasen Shreve*,1,2,4.63,44.2,46,25,23,7,14,45,1,193,4.28,1.343
Jalen Beeks*,2,3,5.95,42.1,42,28,28,4,21,47,1,192,3.82,1.488
Dylan Covey,1,3,3.77,43,48,22,18,5,17,30,2,191,4.7,1.512
Bryan Shaw,0,0,4.14,45.2,39,21,21,3,17,40,6,190,3.87,1.226
Kenley Jansen,3,6,3.63,44.2,40,21,18,5,17,52,2,188,3.66,1.276
Chad Kuhl,0,4,8.45,38.1,47,38,36,8,28,31,3,187,6.78,1.957
Dustin May,4,1,2.63,48,29,14,14,1,16,34,2,187,3.23,0.938
Bryan Baker,4,3,3.6,45,33,19,18,4,24,51,1,186,3.81,1.267
José Soriano,1,3,3.64,42,33,22,17,4,23,56,7,185,3.97,1.333
Pete Fairbanks,2,4,2.58,45.1,26,14,13,3,20,68,4,184,2.7,1.015
Jovani Morán*,2,2,5.31,42.1,35,27,25,3,27,48,0,184,3.82,1.465
Cory Abbott,1,2,6.64,39.1,48,29,29,9,19,40,4,183,5.95,1.703
Hunter Gaddis,2,1,4.5,42,41,21,21,6,14,24,4,182,5.26,1.31
Yunior Marte,1,1,5.03,39.1,47,27,22,6,17,38,1,182,4.68,1.627
Nate Pearson,5,2,4.85,42.2,36,25,23,7,18,43,3,182,4.85,1.266
Angel Zerpa*,3,3,4.85,42.2,46,24,23,7,8,36,4,182,4.54,1.266
Tyler Alexander*,2,1,4.5,44,44,25,22,8,5,44,2,181,4.1,1.114
José Buttó,1,4,3.64,42,33,17,17,3,23,38,0,179,4.02,1.333
Drew Rasmussen,4,2,2.62,44.2,36,13,13,2,11,47,1,177,2.54,1.052
Brendan White,2,3,5.09,40.2,40,25,23,4,15,44,5,177,3.85,1.352
Yohan Ramírez,1,0,4.23,38.1,39,21,18,3,17,35,11,176,4.64,1.461
Michael Rucker,2,1,4.91,40.1,39,22,22,6,19,40,3,176,4.84,1.438
JT Chargois,1,0,3.61,42.1,35,17,17,3,18,35,0,174,3.8,1.252
Drey Jameson,3,1,3.32,40.2,40,15,15,6,18,37,1,174,4.76,1.426
Chris Devenski,6,4,4.46,42.1,36,24,21,6,11,42,1,173,3.96,1.11
Matt Waldron,1,3,4.35,41.1,39,20,20,9,12,31,0,173,5.46,1.234
José Alvarado*,0,2,1.74,41.1,30,15,8,3,18,64,0,172,2.41,1.161
Dallas Keuchel*,2,1,5.97,37.2,45,25,25,3,18,25,2,172,4.56,1.673
Jimmy Lambert,2,3,5.26,37.2,41,26,22,10,20,41,1,172,6.2,1.619
Nick Ramirez*,1,2,2.66,40.2,41,17,12,1,9,28,1,172,2.94,1.23
Keaton Winn,1,3,4.68,42.1,36,22,22,6,8,35,5,172,4.37,1.039
James Karinchak,2,5,3.23,39,24,18,14,6,28,52,3,171,4.97,1.333
Drew Rom*,1,4,8.02,33.2,51,34,30,7,19,32,0,170,5.75,2.079
Joe Kelly,2,5,4.12,39.1,29,22,18,3,18,60,2,168,2.72,1.195
Nick Lodolo*,2,1,6.29,34.1,50,24,24,10,10,47,7,166,5.79,1.748
Randy Vásquez,2,2,2.87,37.2,30,12,12,5,18,33,4,166,4.98,1.274
Tommy Kahnle,1,3,2.66,40.2,26,14,12,5,19,48,1,165,3.97,1.107
José Suarez*,1,3,8.29,33.2,46,32,31,10,20,28,1,165,7.32,1.96
Dylan Dodd*,2,2,7.6,34.1,53,29,29,9,12,15,1,164,6.92,1.893
Matt Koch,3,2,5.12,38.2,41,22,22,7,9,27,2,163,5.07,1.293
Shelby Miller,3,0,1.71,42,19,8,8,3,19,42,2,163,3.68,0.905
Peter Strzelecki,3,5,4.38,37,33,18,18,3,12,37,8,163,3.93,1.216
Vince Velasquez,4,4,3.86,37.1,35,16,16,4,14,37,1,162,3.87,1.313
John Brebbia,3,5,3.99,38.1,31,21,17,6,14,47,0,161,3.93,1.174
Jeff Brigham,1,3,5.26,37.2,26,23,22,9,18,42,5,160,5.96,1.168
Mauricio Llovera,2,3,4.89,35,36,25,19,3,15,29,4,160,4.34,1.457
Austin Voth,1,2,5.19,34.2,39,22,20,6,15,34,3,160,5.1,1.558
Andrew Wantz,2,0,3.89,39.1,28,18,17,4,15,33,1,160,4.12,1.093
Thaddeus Ward,0,0,6.37,35.1,29,26,25,7,28,30,2,160,6.68,1.613
Ryan Pepiot,2,1,2.14,42,27,10,10,7,5,38,3,159,4.18,0.762
Grant Hartwig,5,2,4.84,35.1,34,23,19,3,15,30,6,158,4.44,1.387
Karl Kauffmann,2,5,8.23,35,42,34,32,5,16,16,4,158,5.91,1.657
John King*,2,1,3.62,37.1,45,15,15,2,10,20,0,157,3.68,1.473
Joe Mantiply*,2,2,4.62,39,35,22,20,4,9,28,0,157,3.84,1.128
Kyle Wright,1,3,6.97,31,40,26,24,5,17,34,4,155,5.19,1.839
Grant Anderson,2,1,5.05,35.2,38,20,20,5,14,30,1,154,4.66,1.458
Gavin Hollowell,2,0,5.88,33.2,31,23,22,8,18,32,6,154,6.58,1.455
Ryan Borucki*,4,0,2.45,40.1,26,11,11,4,4,33,4,152,3.5,0.744
Beau Brieske,2,3,3.6,35,36,14,14,4,12,31,0,152,4,1.371
Carmen Mlodzinski,3,3,2.25,36,28,14,9,3,18,34,1,152,4.03,1.278
Gavin Stone,1,1,9,31,46,32,31,8,13,22,2,152,6.64,1.903
Cooper Criswell,1,1,5.73,33,40,23,21,6,11,27,4,151,5.35,1.545
Austin Cox*,0,1,4.54,35.2,28,20,18,2,17,33,2,149,3.73,1.262
Trevor Megill,1,0,3.63,34.2,35,14,14,2,12,52,1,148,2.13,1.356
Kyle Harrison*,1,1,4.15,34.2,29,19,16,8,11,35,4,147,5.53,1.154
Jonathan Hernández,1,2,5.4,31.2,35,20,19,4,15,34,4,147,4.55,1.579
JoJo Romero*,4,2,3.68,36.2,29,17,15,1,10,42,1,147,2.22,1.064
Jordan Wicks*,4,1,4.41,34.2,33,17,17,5,11,24,0,147,4.7,1.269
Josh Winder,2,1,4.15,34.2,35,16,16,3,14,28,0,147,3.98,1.413
Peyton Battenfield,0,5,5.19,34.2,34,22,20,7,12,27,0,146,5.36,1.327
Noah Davis,0,4,8.7,30,43,30,29,6,15,26,4,146,6.02,1.933
Ryan Helsley,3,4,2.45,36.2,22,11,10,1,17,52,1,146,2.25,1.064
Kenny Rosenberg*,2,2,3.82,33,35,14,14,3,14,29,1,146,4.04,1.485
Joe La Sorsa*,1,0,4.41,32.2,32,16,16,3,9,28,6,145,4.11,1.255
Dinelson Lamet,1,4,11.71,27.2,42,38,36,7,23,32,1,145,6.83,2.349
Michael Soroka,2,2,6.4,32.1,36,23,23,9,12,29,4,145,6.56,1.485
Spencer Turnbull,1,4,7.26,31,37,26,25,5,15,24,3,145,5.55,1.677
Jesse Chavez,1,0,1.56,34.2,26,10,6,2,12,39,3,144,3.05,1.096
Luke Jackson,2,2,2.97,33.1,26,14,11,3,15,43,1,143,3.29,1.23
Carl Edwards Jr.,1,3,3.69,31.2,31,14,13,1,17,24,1,142,3.86,1.516
Jose A. Ferrer*,3,0,5.03,34,37,19,19,4,13,25,1,142,4.55,1.471
Nick Anderson,4,0,3.06,35.1,30,14,12,3,9,36,0,141,3.09,1.104
Allan Winans,1,2,5.29,32.1,37,19,19,5,8,34,2,141,4.09,1.392
Luis Frías,1,0,4.06,31,30,14,14,3,17,26,2,139,4.67,1.516
Sean Hjelle,2,1,6.52,29,38,25,21,3,13,31,4,139,4.22,1.759
Mason Miller,0,3,3.78,33.1,24,15,14,2,16,38,3,139,3.47,1.2
Jackson Kowar,2,0,6.43,28,34,24,20,4,20,29,1,137,5.29,1.929
Daniel Duarte,3,0,3.69,31.2,24,14,13,5,20,23,1,136,5.84,1.389
Bowden Francis,1,0,1.73,36.1,22,7,7,5,8,35,1,136,3.86,0.826
Victor González*,3,3,4.01,33.2,27,15,15,2,10,30,3,135,3.4,1.099
Richard Bleier*,1,0,5.28,30.2,37,20,18,5,5,16,3,132,5.11,1.37
Luis Cessa,1,4,9,26,46,26,26,3,12,11,1,132,5.41,2.231
Jimmy Cordero,3,2,3.86,32.2,25,14,14,2,10,34,2,132,3.07,1.071
Andrew Suárez*,0,0,7.16,27.2,33,27,22,7,15,17,0,130,6.94,1.735
Thomas Hatch,1,1,4.08,28.2,33,18,13,2,12,26,1,129,3.71,1.57
Nick Wittgren,1,0,4.97,29,30,17,16,2,11,18,3,128,4.36,1.414
Connor Brogdon,2,1,4.03,29,29,14,13,5,13,26,1,127,5.15,1.448
Robert Garcia*,2,2,3.66,32,26,16,13,3,12,33,0,127,3.54,1.188
Jimmy Herget,2,4,4.66,29,33,15,15,7,8,26,2,127,5.63,1.414
Abner Uribe,1,0,1.76,30.2,16,8,6,0,20,39,1,127,2.77,1.174
Keegan Thompson,2,2,4.71,28.2,20,15,15,2,19,26,1,125,4.44,1.36
Trent Thornton,1,2,2.01,31.1,30,12,7,5,6,26,0,125,4.24,1.149
Zach Neal,1,1,6.67,27,30,22,20,8,14,25,2,124,7.03,1.63
Joe Jacques*,2,1,5.06,26.2,32,17,15,2,10,20,6,122,4.53,1.575
Casey Lawrence,1,0,6.59,27.1,32,20,20,7,10,20,2,122,6.44,1.537
Justin Bruihl*,1,0,5.46,28,28,18,17,2,11,22,3,121,4.11,1.393
Tim Herrin*,1,1,5.53,27.2,29,18,17,3,12,32,2,121,3.87,1.482
Ryan Thompson,1,2,3.82,30.2,20,14,13,3,8,21,4,121,4.33,0.913
Isaiah Campbell,4,1,2.83,28.2,22,9,9,2,13,33,1,120,3.32,1.221
Calvin Faucher,1,1,7.01,25.2,31,20,20,4,12,25,1,120,4.85,1.675
Caleb Thielbar*,3,1,3.23,30.2,23,12,11,7,6,36,0,120,4.46,0.946
Mike Mayers,1,2,6.15,26.1,34,19,18,4,10,17,0,119,5.08,1.671
Daniel Palencia,5,3,4.45,28.1,22,16,14,3,14,33,2,119,4,1.271
Stephen Nogosek,0,1,5.61,25.2,28,16,16,6,14,25,2,118,6.22,1.636
Brent Headrick*,3,0,6.31,25.2,27,18,18,7,10,30,4,117,6.1,1.442
Angel Perdomo*,3,2,3.72,29,21,14,12,3,11,44,3,117,3.01,1.103
Jay Jackson,3,1,2.12,29.2,18,8,7,4,9,27,1,116,4.2,0.91
Amos Willingham,0,2,6.66,24.1,35,18,18,8,9,15,1,116,7.53,1.808
Jacob deGrom,2,0,2.67,30.1,19,11,9,2,4,45,0,115,1.54,0.758
Luis Garcia,2,2,4,27,25,12,12,3,10,31,1,115,3.63,1.296
Ray Kerr*,1,1,4.33,27,25,15,13,5,9,35,1,114,4.18,1.259
Colin Selby,2,2,9,24,29,24,24,4,15,30,0,114,4.8,1.833
Andrew Bellatti,1,0,5.11,24.2,25,15,14,4,12,25,0,113,4.8,1.5
Keegan Akin*,2,2,6.85,23.2,35,22,18,2,7,27,0,112,2.96,1.775
Amir Garrett*,0,1,3.33,24.1,22,11,9,4,20,28,0,112,5.56,1.726
Slade Cecconi,0,1,4.33,27,27,13,13,4,4,20,2,111,4.37,1.148
Matt Carasiti,1,0,6.29,24.1,28,19,17,3,11,16,1,110,5.02,1.603
Brock Stewart,2,0,0.65,27.2,19,2,2,1,11,39,1,109,2.21,1.084
Jordan Balazovic,1,0,4.44,24.1,26,13,12,5,12,17,0,108,6.01,1.562
Robert Suarez,4,3,4.23,27.2,15,13,13,4,10,24,0,108,4.48,0.904
Cody Bolton,1,0,6.33,21.1,30,15,15,3,15,22,1,107,5.27,2.109
Kaleb Ort,1,2,6.26,23,27,19,16,6,9,24,1,107,5.86,1.565
Tommy Hunter,0,1,6.85,23.2,28,20,18,6,5,20,2,106,5.75,1.394
Nick Robertson,0,1,6.04,22.1,30,19,15,3,9,26,0,106,3.88,1.746
Brandon Walter*,0,0,6.26,23,32,17,16,3,7,16,1,106,4.6,1.696
Kevin Herget,1,2,5.18,24.1,26,14,14,4,6,13,2,105,5.31,1.315
Zach Plesac,1,1,7.59,21.1,37,20,18,3,5,14,0,105,4.47,1.969
AJ Smith-Shawver,1,0,4.26,25.1,17,14,12,7,11,20,1,105,6.69,1.105
Yerry De Los Santos,1,1,3.33,24.1,17,10,9,1,13,18,1,104,4.04,1.233
Tommy Doyle,0,1,6.85,23.2,23,18,18,5,13,18,0,103,6.13,1.521
Gus Varland,1,1,6.64,20.1,27,18,15,3,16,20,1,103,5.71,2.115
Tyler Mahle,1,2,3.16,25.2,22,11,9,5,5,28,0,102,4.19,1.052
Dylan Lee*,1,0,4.18,23.2,24,14,11,4,8,24,0,101,4.44,1.352
Adam Oller,1,1,10.07,19.2,29,24,22,5,12,13,1,101,7.22,2.085
Devin Smeltzer*,0,1,6.45,22.1,29,18,16,7,4,16,4,100,6.97,1.478
Duane Underwood Jr.,1,0,5.18,24.1,24,14,14,3,11,14,0,100,5.06,1.438